DE#,Date,Video#,MPP,FPS,OD,D,D_err,d,d_err,Easy to analyze?,Plane,Comment,x0,y0,Rinfy,t2,(D-d)/d^2,D-d,d^3/(D-d),t1_fit,t2_fit,DA_fit,(D-d)/d,DA/OD,c,number of bacteria,mean velocity (1s),mean velocity middle,mean velocity end,Unnamed: 30,Fitting,variance
23,2021-10-26,11,0.11,50.0,65,48.9,,17.0,,Yes,XZ,,,,9.0,3.2,0.11038062283737,31.9,154.012539184953,0.15,2.44,2.11,1.87647058823529,0.0324615384615385,0.400819976293243,3048.36055905333,1.925,,,,,4.541272696167074
24,2021-10-26,12,0.11,50.0,65,74.0,,15.4,,Yes,XZ,small inner drop,,,150.0,6.3,0.247090571765896,58.6,62.3253242320819,0.7,3.37,27.47,3.80519480519481,0.422615384615385,0.888276883682195,10928.1055090133,1.716,,,,,75.26437365566932
25,2021-10-26,13,0.11,50.0,65,63.4,,30.9,,Yes,XZ,large inner drop,,,4.0,,0.0340381856076078,32.5,907.803969230769,0.0,1.62,1.21,1.05177993527508,0.0186153846153846,0.259675293562857,6132.15660633333,0.847,,,,,1.9784518431763145
30,2021-11-01,6,0.11,50.0,85,44.9,,6.9,,Yes,XY,Motility improves several minutes after centrifuge,,,50.0,9.0,0.798151648813274,38.0,8.64497368421053,,7.45363879630614,4.36289643604333,5.50724637681159,0.0513281933652157,0.918390128268769,3209.57356613333,,,,,,33.83133271113895
32,2021-11-01,8,0.11,50.0,85,80.2,,38.7,,Yes,XZ,big inner droplet,,,,,0.0277093390488018,41.5,1396.64103614458,,44.5295402424541,0.175561853276539,1.07235142118863,0.00206543356795928,0.448290780085406,16294.7433912667,1.496,,,,bad,9.614203412204903
35,2021-11-02,1,0.11,50.0,42,47.0,,9.5,,,XZ,"droplet does not fall to bottom, but suspend in the middle of nowhere, good video with entire outer droplet visible",,,30.0,11.0,0.415512465373961,37.5,22.8633333333333,,8.86889845041848,1.91474685575902,3.94736842105263,0.0455892108514052,0.63102535508029,1810.54755,1.18,1.13,0.96,,,15.554414013836176
37,2021-11-02,3,0.11,50.0,42,93.6,,26.9,,,XZ,,,,8.3,3.6,0.0921767250314396,66.7,291.83071964018,,2.10674819804867,2.10872788402171,2.47955390334572,0.0502078067624217,0.186872394088868,14077.060175248,1.03,0.99,0.96,,,4.315582925246979
38,2021-11-02,5,0.33,50.0,51,140.0,,20.0,,,XZ,"very large outer drop 140/20, have to use 20x for imaging",,,33.0,3.8,0.3,120.0,66.6666666666667,,2.13507501273148,8.41246638121813,6.0,0.164950321200355,0.212199353339305,58419.072,3.09,2.69,2.4,,,18.011426223047728
39,2021-11-02,8,0.11,50.0,41,110.0,,20.0,,,XZ,"i) fps lower than 50 due to disk speed, need to install SSD, ii) this is the x-y image of the same de in image 08, iii) outer drop is getting larger due to coalescence.",,,70.0,3.5,0.225,90.0,88.8888888888889,,2.07236099119313,18.376247066782,4.5,0.448201147970293,0.400000380881912,22709.736,1.01,1.08,0.98,,,36.00006855877682
40,2021-11-02,9,0.11,47.8,41,109.4,,23.2,,,XY,,,,45.0,3.4,0.160151605231867,86.2,144.862737819026,,1.58961788593949,15.1529946226529,3.71551724137931,0.369585234698851,0.333796256344019,22260.8868394453,0.97,1.03,0.94,,,22.99719957058595
41,2021-11-02,13,0.65,50.0,61,201.2,,51.4,,Yes,XZ,,,,28.0,4.4,0.0567003285439598,149.8,906.520320427236,,2.63330948735013,5.98676066992812,2.91439688715953,0.0981436175398053,0.159871800351156,204540.943092715,2.25,3.96,2.76,,bad,15.931800420168068
42,2021-11-02,14,0.11,50.0,61,137.5,,27.0,,No,XZ,triple emulsion,,,,,0.151577503429355,110.5,178.126696832579,,1.74778191609752,13.8747518490872,4.09259259259259,0.227454948345692,0.250763396723426,65887.8797156667,3.18,3.39,6.27,,,21.32801036789298
43,2021-11-02,16,0.11,50.0,65,100.0,,30.0,,Yes,XZ,Big droplet increasing size,,,90.0,3.6,0.0777777777777778,70.0,385.714285714286,,2.92526254520225,15.944567822053,2.33333333333333,0.2453010434162,0.623414514401482,26478.5733333333,1.48,9.06,13.0,,,52.89899217098712
44,2021-11-02,17,0.33,50.0,65,179.1,,28.0,,Yes,XZ,big outer droplet,383.0,327.0,95.0,3.7,0.192729591836735,151.1,145.281270681668,,1.93971935016585,26.1745555091197,5.39642857142857,0.402685469371072,0.272762800260466,155742.033780147,3.94,5.43,3.84,,,47.184212236141576
45,2021-11-02,18,0.33,50.0,65,257.7,,37.7,,Yes,XZ,big outer droplet,,,100.0,4.0,0.154788959325683,220.0,243.557422727273,,1.96972416170891,28.2051106740192,5.83554376657825,0.433924779600295,0.191811238639449,464261.953965333,4.13,3.79,4.0,,,49.464196705292835
46,2021-11-02,19,0.33,50.0,65,239.8,,36.1,,Yes,XZ,big outer droplet,,,100.0,3.2,0.156306351240399,203.7,230.956705940108,,1.54976818089816,37.0715488917532,5.64265927977839,0.570331521411588,0.218305051650761,373977.13548468,3.92,4.48,4.14,,,54.929687503914806
48,2021-11-02,21,0.33,50.0,65,197.3,,24.7,,No,XZ,"small inner, last video of the day..",,,240.0,5.0,0.282909078988346,172.6,87.307201622248,,3.02856191205959,42.6106575364582,6.98785425101215,0.655548577483972,0.378539005674405,208597.958358053,3.79,3.45,3.52,,,118.57697201970444
50,2021-11-03,2,0.33,50.0,111,155.7,,37.7,,Yes,XZ,,,,190.0,6.8,0.0830231690928663,118.0,454.090110169492,,7.19708959164429,12.8941615827334,3.12997347480106,0.116163617862463,0.473811929016166,172921.06004432,3.62,3.72,3.34,,,86.83073857062101
51,2021-11-03,4,0.33,50.0,66,132.6,,15.6,,No,XZ,,,,850.0,15.0,0.480769230769231,117.0,32.448,,9.56068768486976,47.0440715468166,7.5,0.712788962830555,1.06475306609824,64318.38633792,4.76,3.83,3.36,,,431.0890796438667
52,2021-11-03,6,0.33,50.0,66,195.1,,19.2,,No,XZ,,,,760.0,15.0,0.477159288194444,175.9,40.2381353041501,,14.5779129304368,27.7110796864598,9.16145833333333,0.419864843734239,0.616020377342678,205007.623513616,3.42,2.51,3.68,,,326.1514660478075
53,2021-11-03,8,0.33,50.0,57,72.5,,21.1,,Yes,XZ,Inner droplet pops out,,,77.0,5.0,0.11545113541924,51.4,182.761303501946,,4.60644895998264,8.39963901379761,2.43601895734597,0.147362087961362,0.746930351147683,8869.871605616,2.85,2.34,2.7,,,40.94340445250385
55,2021-11-03,10,0.33,50.0,57,160.2,,32.5,,Yes,XZ,Inner droplet pops out,333.0,378.0,60.0,4.0,0.120899408284024,127.7,268.818519968677,,2.71862316661724,13.8252681618326,3.92923076923077,0.242548564242677,0.255036178350135,97294.747044712,,,,,bad,29.4634010757315
56,2021-11-03,11,0.33,50.0,57,205.8,,26.7,,No,XZ,,273.0,383.0,240.0,4.3,0.251230905188739,179.1,106.276733668342,,2.31781458446275,54.3597611244232,6.70786516853933,0.953680019726723,0.373168837419924,207553.439862936,,,,,bad,124.07932150528956
57,2021-11-03,13,0.33,50.0,89,134.9,,43.3,,Yes,XZ,,,,,,0.0488561995637078,91.6,886.27442139738,,1.77056022234158,12.9175416749992,2.11547344110855,0.14514091769662,0.313484540944956,88448.3005068693,,,,,,22.90449414762174
59,2021-11-03,15,0.33,50.0,89,194.6,,45.2,,Yes,XZ,Inner droplet pops out,,,160.0,2.5,0.0731263215600282,149.4,618.108487282463,,3.95113993579582,19.2576292487465,3.30530973451327,0.216377856727489,0.427441573508279,271150.466606784,,,,,bad,113.27973229619218
64,2021-11-10,9,0.33,50.0,15,89.1,,20.46,,Yes,XZ,,,,,,0.163970611421184,68.64,124.778457692308,,6.00798371313904,0.817615268743816,3.35483870967742,0.0545076845829211,0.218618756006127,4388.35835572992,,,,,,6.254993840689916
65,2021-11-10,10,0.33,50.0,15,135.63,,13.233,,Yes,XZ,,,,30.0,23.0,0.69896293800374,122.397,18.9323342919925,,34.981006067026,0.533644488580068,9.24937655860349,0.0355762992386712,0.19402403161576,15653.9298171754,,,,,bad,15.665710432043932
66,2021-11-10,11,0.33,50.0,15,181.17,,22.77,,Yes,XZ,,,,,,0.305512592847186,158.4,74.530479375,,10.2055341587075,0.489718822957933,6.95652173913043,0.0326479215305289,0.0798294898362888,37269.6596483904,,,,,,4.441550061025028
67,2021-11-11,1,0.33,50.0,8,157.3,,21.5,,Yes,XZ,Outer Droplet deforms,,,,,0.293780421849648,135.8,73.1839101620029,,15.3810002155367,0.0747229591623912,6.31627906976744,0.0093403698952989,0.06446861701334,13002.7187049387,,,,,bad,2.1290886594524756
68,2021-11-11,2,0.33,50.0,8,143.3,,28.6,,Yes,XZ,Outer droplet rotates,,,,,0.140226905961172,114.7,203.955152571927,,11.6365157931328,0.425324671832027,4.01048951048951,0.0531655839790034,0.141610074329784,9777.56170062934,,,,,bad,7.328458561966058
72,2021-11-11,7,0.33,50.0,50,176.8,,12.3,,Yes,XZ,inner pop out,,,410.0,13.0,1.08731575120629,164.5,11.3122613981763,1.32,11.17,28.24,13.3739837398374,0.5648,0.493555695779647,115648.208867333,,,,,,183.10560564952053
75,2021-11-22,3,0.33,50.0,70,136.1,,39.4,,Yes,XZ,small inner droplet,,,70.0,3.8,0.0622922517972635,96.7,632.502419855222,0.68,1.43,33.38,2.45431472081218,0.476857142857143,0.622885523569648,72089.8837547466,,,,,,36.94599049664863
76,2021-11-22,5,0.33,50.0,70,121.0,,53.0,,Yes,XY,Same droplet as video 02,,,10.0,2.3,0.0242079031683873,68.0,2189.36764705882,0.61,1.03185227764598,5.36719783810525,1.28301886792453,0.076674254830075,0.377145068572771,47555.4590933333,,,,,bad,4.846580883469272
77,2021-11-22,6,0.33,50.0,70,132.6,,37.1,,Yes,XY,Same droplet as video 03,,,71.0,3.3,0.069383395935804,95.5,534.710062827225,0.41,1.69,25.3,2.57412398921833,0.361428571428571,0.19424957181826,66831.1912622666,,,,,,40.57020970039571
78,2021-11-22,8,0.33,50.0,100,182.3,,42.9,,,XZ,,361.0,301.0,440.0,3.0,0.0757439918279079,139.4,566.381556671449,0.48,1.35,226.79,3.24941724941725,2.2679,0.400176429555753,250340.694118933,,,,,,218.43133477105715
80,2021-11-22,10,0.33,50.0,100,262.0,,64.4,,,XZ,,405.0,441.0,150.0,1.4,0.0476447667914047,197.6,1351.66995951417,0.27,1.29,65.26,3.06832298136646,0.6526,0.636130101028998,741778.444936533,,,,,,69.07871649196478
81,,experimento201020_DE_60x_od61_70fps_exp_002,0.11,70.0,61,38.3,,12.1,,,XY,Chile,,,20.0,3.0,0.178949525305649,26.2,67.6168320610687,0.36,9.89,1.13,2.16528925619835,0.0185245901639344,0.252369251670757,1389.56717893867,,,,,bad,9.25548541070962
82,,experimento201020_DE_60x_od83_70fps_exp_4_002,0.11,70.0,83,46.3,,7.9,,,XY,Chile,,,55.0,6.0,0.615286011857074,38.4,12.8395572916667,0.44,3.99,9.21,4.86075949367089,0.110963855421687,0.0766376615314146,3431.837488128,,,,,,31.42872296214943
83,,experimentoDE_7_11_19_30fps_60x_exp2_1003,0.11,30.0,94,57.1,,11.4,,,XY,Chile,,,,,0.351646660510926,45.7,32.4189059080963,0.93,2.67,34.33,4.00877192982456,0.365212765957447,0.0963554044202323,7268.32944316267,,,,,,65.82253552001045
84,,experimentoDE_7_11_19_30fps_60x_exp3003,0.11,30.0,170,45.9,,12.0,,,XY,Chile,,,,,0.235416666666667,33.9,50.9734513274336,0.0,6.69,0.15,2.825,0.000882352941176471,0.117169624803729,6759.65736936,,,,,,1.1794781900864322
85,,experimentoDE_15_10_19_30fps_exp2_60x003,0.11,30.0,100,57.3,,12.4,,,XY,Chile,,,,,0.292013527575442,44.9,42.4637861915368,0.84,3.07,18.22,3.62096774193548,0.1822,0.0211440995413877,7796.65738693333,,,,,,44.51271249901906
86,,experimentoDE_15_10_19_30fps_exp2_60x004,0.11,30.0,100,58.1,,12.8,,,XY,Chile,,,,,0.2764892578125,45.3,46.2947461368653,1.13,2.59,16.91,3.5390625,0.1691,0.098070778887117,8123.2130328,,,,,,31.588180111025224
87,,experimentoDE_29_10_19_30fps_exp2_3,0.11,30.0,150,35.5,,18.8,,,XY,Chile,,,,,0.0472498868266184,16.7,397.884550898204,0.29,7.83,0.2,0.888297872340425,0.00133333333333333,0.0818856944188462,2392.3159484,,,,,,1.373934262904549
88,,experimentoDE_29_10_19_30fps_exp3_1,0.11,30.0,150,40.5,,21.2,,,XY,Chile,,,,,0.0429423282306871,19.3,493.685388601036,0.23,4.07,0.37,0.910377358490566,0.00246666666666667,0.0463244680974641,3573.4454116,,,,,,1.4311895093058395
89,,experimentoDE_60x_70fps_OD_17_exp001,0.11,70.0,17,43.5,,15.3,,,XY,Chile,,,8.0,,0.120466487248494,28.2,127.006276595745,0.28,3.11,1.36,1.84313725490196,0.08,0.0409105387375892,560.356891632,,,,,,4.0188266951565526
90,,experimentoDE_60x_70fps_OD_17_exp002,0.11,70.0,17,40.4,,13.4,,,XY,Chile,,,8.0,,0.150367565159278,27.0,89.114962962963,0.49,2.5,1.99,2.01492537313433,0.117058823529412,0.0469185375201826,452.18667744,,,,,,4.315375824006045
91,,experimentoDE_60x_70fps_OD_17_exp003,0.11,70.0,17,17.2,,8.5,,,XY,Chile,,,17.0,7.6,0.120415224913495,8.7,70.5890804597701,0.23,5.14,1.51,1.02352941176471,0.0888235294117647,0.0507796243138472,31.845248232,,,,,,7.647148548177729
92,,experimentoDE_60x_70fps_OD_17_exp004,0.11,70.0,17,24.6,,5.4,,,XY,Chile,,,19.0,7.0,0.65843621399177,19.2,8.20125,0.07,7.45,1.4,3.55555555555556,0.0823529411764706,0.209785006795801,104.834562048,,,,,,8.95345897585096
93,,experimentoDE_60x_70fps_OD_25_exp002,0.11,70.0,25,27.2,,12.0,,,XY,Chile,,,2.7,6.7,0.105555555555556,15.2,113.684210526316,0.33,4.94,0.3,1.26666666666667,0.012,0.102858013106108,192.541115733333,,,,,,1.3326917588616927
94,,experimentoDE_60x_70fps_OD_25_exp003,0.11,70.0,25,42.0,,8.2,,,XY,Chile,,,28.0,10.0,0.502676977989292,33.8,16.3126627218935,0.51,5.94,2.5,4.1219512195122,0.1,0.0501262486011409,769.683414933333,,,,,,14.134010648232382
95,,experimentoDE_60x_70fps_OD_50_exp005,0.11,70.0,50,35.6,,16.4,,,XY,Chile,,,6.5,3.2,0.0713860797144557,19.2,229.736666666667,0.18,2.55,1.36,1.17073170731707,0.0272,0.0734107975475714,852.1347072,,,,,,3.1120321078508617
96,,experimentoDE_60x_70fps_OD_80_001,0.11,70.0,80,17.6,,7.8,,,XY,Chile,,,2.2,9.5,0.161078238001315,9.8,48.4236734693878,0.09,10.12,0.12,1.25641025641026,0.0015,0.0606407747719384,166.703822506667,,,,,,1.1171998404930181
97,,experimentoDE_60x_OD_7_70fps__exp003,0.11,70.0,7,36.2,,5.0,,,XY,Chile,,,,,1.248,31.2,4.00641025641026,0.1,18.3,0.75,6.24,0.107142857142857,0.0711841481652193,138.658420992,,,,,bad,13.433854390225642
98,,experimentoDE_60x_OD_7_70fps__exp004,0.11,70.0,7,46.1,,17.8,,,XY,Chile,,,,,0.089319530362328,28.3,199.284522968198,0.0,2.59,0.14,1.58988764044944,0.02,0.0775335483127744,270.595571922667,,,,,,0.5398318661563832
99,,experimentoDE_60x_OD_7_70fps_exp,0.11,70.0,7,43.5,,11.5,,,XY,Chile,,,,,0.241965973534972,32.0,47.52734375,0.0,3.63,0.34,2.78260869565217,0.0485714285714286,0.0171351045513521,236.774421333333,,,,,,1.5180614855026868
100,,experimentoDE_60x_OD_40_50fps_exp,0.11,50.0,40,61.3,,21.4,,,XY,Chile,,,8.5,3.7,0.0871255131452529,39.9,245.622656641604,0.48,1.95,2.8,1.86448598130841,0.07,0.0254119878031298,3693.41123424,,,,,,4.59496041648498
101,,experimentoDE_60x_OD_40_50fps_exp001,0.11,50.0,40,60.1,,11.6,,,XY,Chile,,,19.0,5.1,0.360434007134364,48.5,32.1834226804124,0.4,3.57,3.09,4.18103448275862,0.02925,0.0354578115162677,3609.25675573333,,,,,,9.264626876192416
102,,experimentoDE_60x_OD_40_50fps_exp002,0.11,50.0,40,24.0,,7.1,,,XY,Chile,,,,,0.335250942273358,16.9,21.1781656804734,0.42,6.53,1.17,2.38028169014084,0.0355,0.0414205788225166,225.512103786667,,,,,,6.7861343103056635
103,,experimentoDE_60x_OD_40_50fps_exp003,0.11,50.0,40,32.1,,7.9,,,XY,Chile,,,10.0,7.5,0.38775837205576,24.2,20.3735123966942,0.72,4.22,1.42,3.06329113924051,0.0355,0.101734547178403,545.658683093334,,,,,,5.551977046683537
104,,experimentoDE_60x_OD_40_70fps__exp,0.11,70.0,40,66.4,,20.4,,,XY,Chile,,,9.0,2.5,0.110534409842368,46.0,184.557913043478,0.45,1.05,6.06,2.25490196078431,0.1515,0.0642617281447113,4760.49588906667,,,,,,4.673921425854759
105,,experimentoDE_60x_OD_40_70fps_exp002,0.11,70.0,40,52.0,,8.9,,,XY,Chile,,,130.0,12.0,0.54412321676556,43.1,16.3565893271462,0.13,11.23,6.35,4.84269662921348,0.15875,0.0310189296212792,2342.90942581333,,,,,,60.64759534296196
106,,experimentoDE_60x_OD_125_50fps_exp002,0.11,50.0,125,66.1,,33.8,,,XY,Chile,,,8.0,8.0,0.0282728195791464,32.3,1195.49448916409,0.13,5.74,0.73,0.955621301775148,0.00584,0.119254138213299,13093.2928376667,,,,,,4.339612235124569
107,,experimentoDE_60x_OD_125_50fps_exp003,0.11,50.0,125,23.5,,6.7,,,XY,Chile,,,4.0,2.5,0.374248162174204,16.8,17.9025595238095,0.03,2.2,0.89,2.50746268656716,0.00712,0.0425663954799395,663.435528,,,,,,2.0840402716633166
108,,experimentoDE_60x_tubo1_OD_70_70fps_exp001,0.11,70.0,70,57.4,,15.9,,,XY,Chile,,,60.0,4.5,0.16415489893596,41.5,96.859734939759,0.39,2.59,12.63,2.61006289308176,0.180428571428571,0.0567136641823695,5424.65066546667,,,,,,29.02163757596245
109,,experimentoDE_510121_OD40_50fps_exp1,0.11,50.0,40,58.0,,25.4,,,XY,Chile,,,1.3,2.3,0.0505301010602021,32.6,502.670674846626,0.19,1.49,0.52,1.28346456692913,0.013,0.0856755292645246,2993.04692821333,,,,,,0.7088734829010774
110,,experimentoDE_510121_OD40_50fps_exp1001,0.11,50.0,40,44.1,,18.3,,,XY,Chile,,,4.1,2.9,0.0770402221625011,25.8,237.538255813954,0.12,2.68,0.78,1.40983606557377,0.0195,0.0170455375167167,1333.66491072,,,,,,2.1003239986196856
111,,experimentoDE_510121_OD40_50fps_exp1002,0.11,50.0,40,36.5,,17.5,,,XY,Chile,,,2.6,2.7,0.0620408163265306,19.0,282.072368421053,0.1,2.55,0.5,1.08571428571429,0.0125,0.0370738234069052,724.590586666667,,,,,,1.2486898176198211
112,,experimentoDE_510121_OD40_50fps_exp1004,0.11,50.0,40,30.9,,15.4,,,XY,Chile,,,3.5,4.0,0.065356721200877,15.5,235.629935483871,0.12,3.11,0.56,1.00649350649351,0.014,0.0388166113938027,432.924192533333,,,,,,1.6222593614582308
113,,experimentoDE_510121_OD75_50fps_exp1,0.11,50.0,75,26.0,,6.6,,,XY,Chile,,,9.0,7.6,0.445362718089991,19.4,14.819381443299,0.06,7.53,0.67,2.93939393939394,0.00893333333333333,0.0542340930457602,542.8590256,,,,,,4.552697860799672
114,,experimentoDE_510121_OD75_50fps_exp1001,0.11,50.0,75,40.0,,5.4,,,XY,Chile,,,60.0,17.0,1.18655692729767,34.6,4.55098265895954,0.03,19.6,1.67,6.40740740740741,0.0222666666666667,0.0725899705645385,2004.6556304,,,,,bad,26.375721708584198
115,,experimentoDE_510121_OD75_50fps_exp1002,0.11,50.0,75,36.7,,10.8,,,XY,Chile,,,8.5,6.2,0.222050754458162,25.9,48.637528957529,0.08,6.05,0.71,2.39814814814815,0.00946666666666667,0.0979647901909661,1512.5741414,,,,,,4.336961299145671
116,,experimentoDE_510121_OD80_50fps_exp1,0.11,50.0,80,69.1,,20.5,,,XY,Chile,,,5.0,3.3,0.115645449137418,48.6,177.265946502058,0.38,1.73,1.8,2.37073170731707,0.0225,0.0530685161927769,10762.22007936,,,,,,3.9637983593218746
117,,experimentoDE_510121_OD80_50fps_exp1001,0.11,50.0,80,39.7,,24.3,,,XY,Chile,,,0.8,,0.0260800352249826,15.4,931.747207792208,0.0,2.64,0.13,0.633744855967078,0.001625,0.0270373076675656,1615.11103189333,,,,,,0.39418786234013875
118,,experimentoDE_510121_OD80_50fps_exp1002,0.11,50.0,80,63.7,,18.0,,,XY,Chile,,,11.0,3.5,0.141049382716049,45.7,127.614879649891,0.13,3.73,1.47,2.53888888888889,0.018375,0.0269075922866681,8461.85128981334,,,,,,5.100881703058026
119,,experimentoDE_510121_OD150_50fps_exp1,0.11,50.0,150,50.6,,12.9,,,XY,Chile,,,27.0,7.0,0.226548885283336,37.7,56.9413527851459,0.33,4.77,3.01,2.92248062015504,0.0200666666666667,0.0326174767382737,8001.1926956,,,,,,12.797899567097359
120,,experimentoDE_510121_OD150_50fps_exp1001,0.11,50.0,150,64.7,,15.2,,,XY,Chile,,,13.0,3.0,0.214248614958449,49.5,70.9456161616162,0.21,2.98,2.2,3.25657894736842,0.0146666666666667,0.0626284890443663,16788.211902,,,,,,5.923691975980107
121,,experimentoDE_510121_OD150_50fps_exp1002,0.11,50.0,150,24.4,,10.7,,,XY,Chile,,,1.5,4.9,0.11966110577343,13.7,89.419197080292,0.07,4.79,0.17,1.2803738317757,0.00113333333333333,0.0324515145367639,835.3493348,,,,,,0.7434247615327265
122,,experimentoDE_OD10_211220_50fps_exp_1001,0.11,50.0,10,52.4,,15.2,,,XY,Chile,,,1.0,3.3,0.16101108033241,37.2,94.403440860215,0.22,2.32,0.24,2.44736842105263,0.024,0.041537645876412,587.66572032,,,,,,0.523740733779745
123,,experimentoDE_OD24_211220_50fps_exp1,0.11,50.0,24,41.2,,10.6,,,XY,Chile,,,6.0,5.0,0.272338910644357,30.6,38.922091503268,0.13,6.06,0.72,2.88679245283019,0.03,0.0128398269885182,690.734808576,,,,,,3.9445048567027876
124,,experimentoDE_OD24_211220_50fps_exp1001,0.11,50.0,24,53.0,,8.4,,,XY,Chile,,,32.0,10.0,0.632086167800453,44.6,13.2893273542601,0.12,9.73,1.66,5.30952380952381,0.0691666666666667,0.0428369712286116,1489.960606208,,,,,,14.735843333851898
125,,experimentoDE_OD24_211220_50fps_exp1002,0.11,50.0,24,37.4,,7.3,,,XY,Chile,,,40.0,13.0,0.564833927566147,30.1,12.9241528239203,0.08,14.09,1.73,4.12328767123288,0.0720833333333333,0.056806309366844,521.738451136,,,,,,18.929524666241345
126,,experimentoDE_OD24_211220_50fps_exp1003,0.11,50.0,24,55.5,,29.7,,,XY,Chile,,,4.0,,0.029248716117403,25.8,1015.42918604651,0.34,1.35,0.18,0.868686868686869,0.0075,0.095399762666642,1454.506298496,,,,,,0.21953490918579868
127,,experimentoDE_OD24_211220_50fps_exp1004,0.11,50.0,24,52.5,,10.2,,,XY,Chile,,,3.3,3.0,0.406574394463668,42.3,25.0876595744681,0.19,2.14,0.82,4.14705882352941,0.0341666666666667,0.0119860483190931,1443.313982016,,,,,,1.7241122280314238
128,,experimentoDE_OD24_211220_50fps_exp1005,0.11,50.0,24,44.6,,32.3,,,XY,Chile,,,,,0.0117896270452127,12.3,2739.69650406504,0.12,3.49,1.26,0.380804953560372,0.0525,0.0204873758193426,552.823566912,,,,,bad,0.11207784148720373
129,,experimentoDE_OD30_211220_50fps_exp_1002,0.11,50.0,30,26.9,,7.6,,,XY,Chile,,,9.0,5.0,0.334141274238227,19.3,22.7448704663212,0.49,2.67,1.85,2.53947368421053,0.0616666666666667,0.0179638203520501,238.96823048,,,,,,4.468069038537476
130,,experimentoDE_OD30_211220_50fps_exp_1004,0.11,50.0,30,15.2,,4.7,,,XY,Chile,,,5.0,7.0,0.4753282028067,10.5,9.88790476190476,0.36,4.35,0.64,2.23404255319149,0.0213333333333333,0.072284730144788,42.8042916,,,,,,2.467907806331912
131,,experimentoDE_OD30_211220_50fps_exp_1005,0.11,50.0,30,25.0,,16.3,,,XY,Chile,,,0.2,,0.0327449282998984,8.7,497.787011494253,0.1,2.46,0.03,0.533742331288343,0.001,0.0987459067925492,141.85581768,,,,,,0.13317180046225444
132,,experimentoDE_OD30_211220_50fps_exp_1006,0.11,50.0,30,50.1,,10.9,,,XY,Chile,,,11.0,4.0,0.329938557360492,39.2,33.0364540816327,0.16,4.28,1.44,3.59633027522936,0.048,0.0276841260902502,1563.17328832,,,,,,5.63336563670579
133,,experimentoDE_OD30_211220_50fps_exp1006,0.11,50.0,30,29.5,,7.4,,,XY,Chile,,,11.0,5.0,0.403579254930606,22.1,18.33592760181,0.22,4.23,1.39,2.98648648648649,0.0463333333333333,0.0399615052507878,317.35541656,,,,,,5.736043008908207
134,,experimentoDE_OD30_211220_50fps_exp1008,0.11,50.0,30,88.9,,17.7,,,XY,Chile,,,30.0,4.5,0.227265472884548,71.2,77.8824859550562,0.24,3.03,4.99,4.0225988700565,0.166333333333333,0.0715249991580318,8754.94970816,,,,,,17.811278319972978
135,,experimentoDE_OD45_211220_50fps_exp_1,0.11,50.0,45,61.3,,28.3,,,XY,Chile,,,5.5,2.1,0.0412041603715866,33.0,686.823848484849,0.17,1.5,2.05,1.1660777385159,0.0455555555555556,0.0391211386629147,3912.7139964,,,,,,2.823977101460062
136,,experimentoDE_OD45_211220_50fps_exp_1001,0.11,50.0,45,24.8,,9.7,,,XY,Chile,,,10.0,5.0,0.160484642363694,15.1,60.4419205298013,0.41,3.02,2.05,1.55670103092784,0.0455555555555556,0.0336093861976684,270.17160996,,,,,,5.12527811468041
137,,experimentoDE_OD45_211220_50fps_exp_1002,0.11,50.0,45,33.8,,13.8,,,XY,Chile,,,19.0,5.3,0.10501995379122,20.0,131.4036,0.1,5.13,2.12,1.44927536231884,0.0471111111111111,0.0989522574776436,677.983776,,,,,,10.314224935046612
138,,experimentoDE_OD45_211220_50fps_exp_1003,0.11,50.0,45,48.6,,13.6,,,XY,Chile,,,40.0,4.2,0.189230103806228,35.0,71.8701714285714,0.48,2.08,12.56,2.57352941176471,0.279111111111111,0.105982031280146,2115.276072,,,,,,21.138763515317198
139,,experimentoDE_OD45_211220_50fps_exp_1004,0.11,50.0,45,73.0,,45.3,,,XY,Chile,,,0.8,,0.0134984333045822,27.7,3355.94501805054,0.29,1.04,0.42,0.611479028697572,0.00933333333333333,0.0866993180175714,5577.71996532,,,,,,0.4464127075220153
140,,experimentoDE_OD45_211220_50fps_exp_1006,0.11,50.0,45,71.6,,24.4,,,XY,Chile,,,35.0,2.6,0.0792797635044343,47.2,307.770847457627,0.21,2.04,9.7,1.9344262295082,0.215555555555555,0.0159196106108981,6641.75774208,,,,,,18.15392063305316
141,,experimentoDE_OD45_211220_50fps_exp_1007,0.11,50.0,45,73.3,,43.8,,,XY,Chile,,,2.3,,0.0153770772085653,29.5,2848.39566101695,0.0,1.04,1.05,0.67351598173516,0.0233333333333333,0.0595781691499682,5836.7293086,,,,,bad,1.1485830739869058
142,,experimentoDE_OD150_211220_50fps_exp_1,0.11,50.0,150,81.5,,28.0,,,XY,Chile,,,24.0,3.0,0.0682397959183674,53.5,410.317757009346,0.19,2.45,5.61,1.91071428571429,0.0374,0.023977457262985,32617.77835,,,,,,11.692750817468225
143,,experimentoDE_OD150_211220_50fps_exp_1001,0.11,50.0,150,32.5,,20.7,,,XY,Chile,,,3.5,,0.0275385656608089,11.8,751.67313559322,0.0,6.23,0.26,0.570048309178744,0.00173333333333333,0.0421840721201417,1598.7863896,,,,,,1.617901733221647
144,,experimentoDE_OD150_211220_50fps_exp_1002,0.11,50.0,150,60.0,,32.2,,,XY,Chile,,,7.0,3.3,0.0268122371822075,27.8,1200.94417266187,0.15,2.66,1.41,0.863354037267081,0.0094,0.0711439539773244,11468.1436256,,,,,,3.6686381920697855
145,,experimentoDE_OD150_211220_50fps_exp_1003,0.11,50.0,150,82.8,,61.0,,,XY,Chile,,,0.6,,0.00585864015049718,21.8,10411.9724770642,0.06,2.02,0.14,0.357377049180328,0.000933333333333333,0.0454727878818023,21394.8642656,,,,,,0.27598374076189236
146,,experimentoexp_od25_60x_50fps_1,0.11,50.0,25,55.4,,34.7,,,XY,Chile,,,0.2,3.0,0.0171914059580264,20.7,2018.45038647343,0.1,3.55,0.02,0.596541786743516,0.0008,0.015904835819619,1342.3451958,,,,,,0.2294706342744006
147,,experimentoexp_od25_60x_50fps_1002,0.11,50.0,25,42.7,,6.0,,,XY,Chile,,,20.0,9.0,1.01944444444444,36.7,5.88555858310627,0.03,9.69,1.05,6.11666666666667,0.042,0.0152734500211594,812.616122066667,,,,,,9.27349231110547
148,,experimentoexp_od25_60x_50fps_1003,0.11,50.0,25,55.5,,11.8,,,XY,Chile,,,3.4,,0.313846595805803,43.7,37.5979862700229,0.0,2.19,0.59,3.70338983050847,0.0236,0.0547645507533186,1772.12015673333,,,,,,1.7416016898529283
149,,experimentoexp_od110_60x_50fps_1,0.11,50.0,110,80.6,,51.6,,,XY,Chile,,,3.7,2.3,0.0108917733309296,29.0,4737.52055172414,0.5,0.98,2.61,0.562015503875969,0.0237272727272727,0.0199313592585363,17786.6502410667,,,,,,1.7912104769132535
150,,experimentoexp_od110_60x_50fps_1001,0.11,50.0,110,97.0,,44.1,,,XY,Chile,,,16.0,1.6,0.0272006005728066,52.9,1621.287731569,0.47,0.47,34.66,1.19954648526077,0.315090909090909,0.030459252985614,38081.8181342133,,,,,bad,8.234440350873587
151,,experimentoexp_od110_60x_50fps_1003,0.11,50.0,110,71.9,,43.4,,,XY,Chile,,,3.0,2.4,0.0151309222960776,28.5,2868.29838596491,0.34,1.22,1.53,0.65668202764977,0.0139090909090909,0.035801836712384,13353.0928476,,,,,,1.5713525774477883
152,,experimentoexp_od110_60x_50fps_1004,0.11,50.0,110,84.1,,33.5,,,XY,Chile,,,50.0,2.2,0.0450879928714636,50.6,742.991600790514,0.07,1.73,15.58,1.51044776119403,0.141636363636364,0.0290292554217842,25662.2043397867,,,,,,25.399926646792085
153,,experimentoexp_od125_60x_50fps_1,0.11,50.0,125,66.1,,17.8,,,XY,Chile,,,60.0,2.6,0.152442873374574,48.3,116.765051759834,0.25,1.57,22.31,2.71348314606742,0.17848,0.0657369650869989,14818.969851,,,,,,29.62500793634268
154,,experimentoexp_od125_60x_50fps_1001,0.11,50.0,125,66.7,,40.3,,,XY,Chile,,,4.0,2.0,0.0162552567899562,26.4,2479.19799242424,0.08,1.8,1.12,0.655086848635236,0.00896,0.0743748396603532,12104.183784,,,,,,2.046798699885287
155,,experimentoexp_od125_60x_50fps_1002,0.11,50.0,125,77.7,,32.4,,,XY,Chile,,,43.0,2.5,0.0431527206218564,45.3,750.821721854304,0.25,1.44,17.11,1.39814814814815,0.13688,0.0357665931761512,22769.459271,,,,,,20.43076001477642
156,,experimentoexp_od125_60x_50fps_1003,0.11,50.0,125,90.8,,42.6,,,XY,Chile,,,8.0,2.4,0.0265599858934515,48.2,1603.91651452282,0.5,0.99,6.3,1.13145539906103,0.0504,0.0658548848597982,35131.6040506667,,,,,,4.082307580266987
157,,experimentoVideos_2020DE_60x_70fps_OD_17_exp002,0.11,70.0,17,40.4,,13.4,,,XY,Chile,,,9.0,4.8,0.150367565159278,27.0,89.114962962963,0.49,2.5,1.99,2.01492537313433,0.117058823529412,0.0276662157258594,452.18667744,,,,,,4.315375824006045
158,,experimentoVideos_2020201020_DE_60x_od61_70fps_exp_002.mat,0.11,70.0,61,38.3,,12.1,,,XY,Chile,,,20.0,13.0,0.178949525305649,26.2,67.6168320610687,0.46,11.0,1.11,2.16528925619835,0.0181967213114754,0.0507796243138472,1389.56717893867,,,,,,9.25548541070962
159,,experimentoVideos_2020201020_DE_60x_od83_70fps_exp_4_,0.11,70.0,83,55.7,,5.5,,,XY,Chile,,,100.0,11.0,1.6595041322314,50.2,3.31424302788845,0.3,12.23,5.66,9.12727272727273,0.0681927710843374,0.0766376615314146,5999.20545562133,,,,,,47.46229449099887
160,,experimentoVideos_2020201020_DE_60x_od83_70fps_exp_4_002,0.11,70.0,83,46.3,,7.9,,,XY,Chile,,,61.0,6.5,0.615286011857074,38.4,12.8395572916667,0.41,4.04,8.79,4.86075949367089,0.105903614457831,0.0905763015135982,3431.837488128,,,,,,30.751828138622006
161,2022-05-31,0,0.33,50.0,38,129.87,1.14,82.59,1.1,,XZ,,280.0,266.0,,,0.00693142511551752,47.28,11915.2986036168,,0.14,0.86,0.572466400290592,0.0226315789473684,0.0953121312079605,25885.4442019626,5.25,,,,bad,0.49180382975270137
162,2022-05-31,1,0.33,50.0,38,60.08,0.64,15.26,0.38,,XZ,,120.5,138.5,,,0.192469884174527,44.82,79.2851311021865,0.15,3.47,2.88,2.93709043250328,0.0757894736842105,0.0502570104078004,3393.64523588314,2.76,,,,,9.091648695129313
166,2022-05-31,5,0.33,50.0,40,66.32,0.49,11.99,0.38,,XZ,,148.5,185.5,,,0.377921273009688,54.33,31.7261844100865,0.25,4.41,1.95,4.53127606338615,0.04875,0.474625396169553,4856.10435689952,3.83,,,,,8.56271277576407
168,2022-05-31,7,0.33,50.0,40,77.15,0.59,28.99,0.41,,XZ,,159.0,141.0,,,0.0573046741742612,48.16,505.892414846345,0.27,1.33,1.64,1.66126250431183,0.041,0.498871828720476,7282.16193404075,4.9,,,,,1.9439194618388551
171,2022-05-31,10,0.33,50.0,40,184.76,0.79,37.01,0.82,,XZ,,385.0,329.0,,,0.107867178598334,147.75,343.107147891709,0.57,0.57,18.32,3.99216427992434,0.458,0.113972636785959,104772.520221096,7.73,,,,bad,5.50518163430589
172,2022-06-01,0,0.33,50.0,36,72.61023,,36.29373,,,XZ,,163.0,170.0,,,0.0275702547270038,36.3165,1316.40894722862,0.0,1.76,0.02,1.0006273810931,0.000555555555555556,0.0920478875882561,5049.29472799051,1.92,,,,,0.1187697778529172
173,2022-06-01,1,0.33,50.0,36,63.68307,,13.9128,,,XZ,,160.5,159.5,,,0.257122991706434,49.77027,54.1095135353928,0.0,7.9,0.3,3.57730075901328,0.00833333333333333,0.0377683003812421,3852.03804456451,2.55,,,,,2.5780132387363186
174,2022-06-01,2,0.33,50.0,33,43.24089,,12.4839,,,XZ,,106.5,111.5,,,0.197352789388238,30.75699,63.2567699635666,0.33,3.03,0.69,2.46373248744383,0.0209090909090909,0.227431940211419,1090.15325643561,2.49,,,,,1.9434184689179321
175,2022-06-01,3,0.33,50.0,33,43.57155,,12.26544,,,XZ,,146.0,127.0,,,0.208095573496409,31.30611,58.9413786844037,0.5,3.88,0.54,2.55238377098579,0.0163636363636364,0.402059275879014,1117.36194867522,1.05,,,,,1.8242731634205707
176,2022-06-01,4,0.33,50.0,33,160.70868,,22.46574,,,XZ,,292.5,313.5,,,0.273905974012158,138.24294,82.0198978172079,0.21,1.71,4.85,6.1535003966039,0.146969696969697,0.258954735622816,57188.9746758107,3.14,,,,bad,7.72425180831884
177,2022-06-01,5,0.33,50.0,33,139.28442,,16.55247,,,XZ,,304.0,296.0,,,0.447952552496789,122.73195,36.9513911858302,0.11,4.53,3.94,7.41472118662653,0.119393939393939,0.130742855757985,37270.0896282528,4.78,,,,,17.588910546276846
178,2022-06-01,6,0.33,50.0,33,55.7667,,13.49271,,,XZ,,146.5,132.5,,,0.232206764977399,42.27399,58.1064466460022,0.22,6.78,0.44,3.1330985398782,0.0133333333333333,0.209472363285647,2362.17476148697,2.95,,,,,3.4402380623342768
179,2022-06-01,7,0.33,50.0,33,117.14373,,8.23416,,,XZ,,299.5,236.5,,,1.60630288767431,108.90957,5.12615650708432,0.05,12.36,1.05,13.2265549855723,,0.288401993904733,22201.8218973794,5.14,,,,bad,60.75161650902374
181,2022-06-01,9,0.33,50.0,33,39.95442,,11.61501,,,XZ,,103.5,89.5,,,0.2100639987081,28.33941,55.292720653861,0.07,5.89,0.26,2.43989544563457,0.00787878787878788,0.705723310455789,859.555561414936,1.95,,,,,1.542590818472415
182,2022-06-02,0,0.33,50.0,26,151.48122,,34.97076,,,XZ,,260.5,263.5,,,0.0952696951498591,116.51046,367.071186120529,0.52,0.75,5.87,3.33165364435889,0.225769230769231,0.249287050703638,37371.5837959418,6.17,,,,,3.907438575641306
183,2022-06-02,1,0.33,50.0,26,55.44627,,13.9128,,,XZ,,142.0,132.0,,,0.214570064867027,41.53347,64.8403588292804,0.23,3.94,1.29,2.98527039848197,0.0496153846153846,0.0769191304639518,1826.17582315757,2.59,,,,,4.654690816984701
184,2022-06-02,2,0.33,50.0,26,57.42627,,21.43284,,,XZ,,142.0,130.0,,,0.0783544724690127,35.99343,273.536906377312,0.11,1.64,0.86,1.67935887171276,0.0330769230769231,0.319037360347755,1954.28168066926,3.51,,,,,1.40192682805614
185,2022-06-02,3,0.33,50.0,26,78.85449,,66.66495,,,XZ,,176.5,149.5,,,0.00274278775175057,12.18954,24305.5445896065,0.0,0.91,0.14,0.182847808331064,0.00538461538461539,0.233609073092289,2112.25782194652,6.08,,,,bad,0.3536282629939394
186,2022-06-02,4,0.33,50.0,34,71.26086,,9.60234,,,XZ,,146.0,136.0,,,0.668711723720473,61.65852,14.3594611241089,0.04,9.51,3.54,6.42119733315005,0.104117647058824,0.231198540834628,5138.50277826139,4.18,,,,,33.892949880299895
187,2022-06-02,5,0.33,50.0,34,79.20429,,9.24198,,,XZ,,154.0,157.0,,,0.819094654660818,69.96231,11.28316483011,0.17,17.14,8.28,7.57005641648218,0.243529411764706,0.595506946611812,7061.59642803086,4.59,,,,,82.15658806057846
189,2022-06-02,7,0.33,50.0,34,52.15254,,14.21343,,,XZ,,116.0,131.0,,,0.187797302040233,37.93911,75.6849531147948,0.07,6.46,0.56,2.66924380673771,0.0164705882352941,0.743472680158678,1978.30006843918,2.63,,,,,3.2206566817474975
190,2022-06-02,8,0.33,50.0,34,74.90835,,13.9128,,,XZ,,179.5,151.5,,,0.31511499328373,60.99555,44.1515011869744,0.0,4.05,3.22,4.38413187855787,0.0947058823529412,0.284992475372139,5944.92704588135,4.29,,,,,13.263725946709428
191,2022-06-03,0,0.33,50.0,26,61.4031,,10.61082,,,XZ,,126.0,140.0,,,0.451128031621157,50.79228,23.5206399430985,0.17,14.83,0.85,4.78683834048641,0.0326923076923077,0.351071744106106,2507.0657730936,2.97,,,,,9.662572937256128
192,2022-06-03,1,0.33,50.0,26,65.68518,,42.88515,,,XZ,,133.5,119.5,,,0.0123971413086252,22.80003,3459.27733921714,0.0,0.32,0.1,0.531653264591589,,0.326164514049097,2226.37611667203,1.69,,,,bad,0.2802261382389902
193,2022-06-03,2,0.33,50.0,26,55.12122,,10.61082,,,XZ,,133.5,121.5,,,0.395333486480039,44.5104,26.8401750999551,0.04,10.14,0.42,4.19481246501213,0.0161538461538462,0.203264457487947,1810.04404205541,1.32,,,,,3.611586520461687
194,2022-06-03,3,0.33,50.0,26,123.08835,,44.57343,,,XZ,,263.5,268.5,,,0.039518466390591,78.51492,1127.91396203099,0.0,1.19,0.31,1.76147359536836,0.0119230769230769,0.256960089098191,19335.8543337449,2.88,,,,bad,0.4946715279121746
