lagt,<y^2>
0.02,0.05040366773633849
0.04,0.10927268377166793
0.06,0.20251184752992168
0.08,0.3310048948745865
0.1,0.49293575827669406
0.12,0.6871308136594344
0.14,0.9109858468952678
0.16,1.1618853740513497
0.18,1.4387056982047202
0.2,1.7378148258247386
0.22,2.058131466740023
0.24,2.3965460522766575
0.26,2.7505872553349464
0.28,3.118633604172631
0.3,3.498323841986365
0.32,3.8875080094181684
0.34,4.284879827042404
0.36,4.687810529024804
0.38,5.0954343235040875
0.4,5.507000585848265
0.42,5.920958046437473
0.44,6.335522223199128
0.46,6.750579316655632
0.48,7.165278009050599
0.5,7.579183388211731
0.52,7.990605667107513
0.54,8.401375601935865
0.56,8.810156541628023
0.58,9.21552357636807
0.6,9.617607253893759
0.62,10.017432708476353
0.64,10.413771707828392
0.66,10.806959917967301
0.68,11.196892539968246
0.7,11.583919372875837
0.72,11.96749809173247
0.74,12.347054328892307
0.76,12.72354278965055
0.78,13.096697684156132
0.8,13.46704773607463
0.82,13.833926770205855
0.84,14.197684557300088
0.86,14.559028924298065
0.88,14.915431467207462
0.9,15.26981332231756
0.92,15.6210902275074
0.94,15.969552627752375
0.96,16.31501507601332
0.98,16.656792588313884
1.0,16.995562434638344
1.02,17.332458606083826
1.04,17.665236745453637
1.06,17.994600592958044
1.08,18.322060905096357
1.1,18.645405452948335
1.12,18.965457903437283
1.14,19.282471398550197
1.16,19.596148368312647
1.18,19.906451282113665
1.2,20.2134828221819
1.22,20.51670412521886
1.24,20.816431135077007
1.26,21.112035520605385
1.28,21.404049118943693
1.3,21.69300948787762
1.32,21.9768398136247
1.34,22.25758070124528
1.36,22.533511919406468
1.38,22.8059403750495
1.4,23.074085307973597
1.42,23.33725914806106
1.44,23.596614294796424
1.46,23.851978229075588
1.48,24.102348954752983
1.5,24.34895502247218
1.52,24.59130625002232
1.54,24.82961739629324
1.56,25.06368494224007
1.58,25.294234757183865
1.6,25.52165669551224
1.62,25.745572697965727
1.64,25.96512626935609
1.66,26.181754583922356
1.68,26.3951661467131
1.7,26.60592506765359
1.72,26.81281992716119
1.74,27.017435382057727
1.76,27.220248096276165
1.78,27.419906484758304
1.8,27.616248079130614
1.82,27.811975668543006
1.84,28.004601476874033
1.86,28.19486862559659
1.88,28.383790634308422
1.9,28.5709702709266
1.92,28.756291167732805
1.94,28.939946990552922
1.96,29.12236806903927
1.98,29.303434096881812
2.0,29.48325765646205
2.02,29.6618345792464
2.04,29.839769439848244
2.06,30.016848514805552
2.08,30.19260237433128
2.1,30.368124672280256
2.12,30.542578202940955
2.14,30.71680496347795
2.16,30.88976020188126
2.18,31.06277176543515
2.2,31.235577610193744
2.22,31.40679878375305
2.24,31.57737242868172
2.26,31.74776081330654
2.28,31.918019700441242
2.3,32.0869415114055
2.32,32.25499618953494
2.34,32.422439861905254
2.36,32.58871992404001
2.38,32.75422539740838
2.4,32.9175198670853
2.42,33.08011045101325
2.44,33.241109635099775
2.46,33.3998047083504
2.48,33.557490798722455
2.5,33.71245438195856
2.52,33.86562590344096
2.54,34.01618127321659
2.56,34.16412176571202
2.58,34.30971072778777
2.6,34.452321534115335
2.62,34.591379948297785
2.64,34.72684194968087
2.66,34.85968878222633
2.68,34.988804051785564
2.7,35.114800316383025
2.72,35.23680410406589
2.74,35.355663752215555
2.76,35.47044547068427
2.78,35.58215665942697
2.8,35.690651006973546
2.82,35.7957728427284
2.84,35.89787722361075
2.86,35.996108345148926
2.88,36.09196782469038
2.9,36.1841221599123
2.92,36.27407419955029
2.94,36.36209671848883
2.96,36.44656033387009
2.98,36.5287438806792
3.0,36.60889508079485
3.02,36.68671423719266
3.04,36.76277440341693
3.06,36.83706407342504
3.08,36.9095152586889
3.1,36.980288601327054
3.12,37.05022542587026
3.14,37.117633858853274
3.16,37.18500598409353
3.18,37.251421572595625
3.2,37.31560063789322
3.22,37.379308003622675
3.24,37.441730016299225
3.26,37.50270724302565
3.28,37.562807818523574
3.3,37.62067967700498
3.32,37.677549497581474
3.34,37.732840575179715
3.36,37.78523901330078
3.38,37.83716197724134
3.4,37.88674718626768
3.42,37.933572111218474
3.44,37.977816581702236
3.46,38.01987120310793
3.48,38.059423499294624
3.5,38.09550817323946
3.52,38.12819433584631
3.54,38.15848908036772
3.56,38.1854413771651
3.58,38.208675120887314
3.6,38.22838625384886
3.62,38.24448289675703
3.64,38.257660329641396
3.66,38.26740742894427
3.68,38.273969626815905
3.7,38.2773270339122
3.72,38.27757262377853
3.74,38.27550729818916
3.76,38.27002029203828
3.78,38.26196735487832
3.8,38.25168934261369
3.82,38.23923132528352
3.84,38.225419783814935
3.86,38.20927927245044
3.88,38.19179998990587
3.9,38.1727733754768
3.92,38.15315236093086
3.94,38.132742852656314
3.96,38.11134683515328
3.98,38.09047284002012
4.0,38.06902726338556
4.02,38.04722589216782
4.04,38.02658657027697
4.06,38.00558691070637
4.08,37.98621125529516
4.1,37.96716619913758
4.12,37.949351513121606
4.14,37.93124398586749
4.16,37.91449134650396
4.18,37.899729304398946
4.2,37.88569361463785
4.22,37.87293263896874
4.24,37.86102771881162
4.26,37.850203836381574
4.28,37.841020459282774
4.3,37.8318447653106
4.32,37.82433967198365
4.34,37.8176024402527
4.36,37.81177778374625
4.38,37.80654421677874
4.4,37.80149821732272
4.42,37.79794964435451
4.44,37.79478541238505
4.46,37.79205259348097
4.48,37.79093858243997
4.5,37.78994878669852
4.52,37.78913573733904
4.54,37.78871746596653
4.56,37.789133657133114
4.58,37.791032377697626
4.6,37.792820542738426
4.62,37.79531974265058
4.64,37.79797647492825
4.66,37.80102786405476
4.68,37.80494697970993
4.7,37.8094758370132
4.72,37.81489169102487
4.74,37.820771006248386
4.76,37.82636355425506
4.78,37.83202311628019
4.8,37.83823466262679
4.82,37.84414520077867
4.84,37.85085852151145
4.86,37.858068517510034
4.88,37.86456598372594
4.9,37.871974041339136
4.92,37.87857360806198
4.94,37.88607312392747
4.96,37.89336784978431
4.98,37.90079230547049
5.0,37.907803439270225
5.02,37.91565916878523
5.04,37.92307145246684
5.06,37.93001396233875
5.08,37.93602244327219
5.1,37.94246874033128
5.12,37.947986923606805
5.14,37.95277981393862
5.16,37.95579208486815
5.18,37.960166219232086
5.2,37.96284455566407
5.22,37.96408924341119
5.24,37.96522629036726
5.26,37.965795337076884
5.28,37.96509718957708
5.3,37.964311279153996
5.32,37.96261633381193
5.34,37.960646011449114
5.36,37.95820128617781
5.38,37.95549449450216
5.4,37.953559139430354
5.42,37.95152022858844
5.44,37.95014084168085
5.46,37.94921175357774
5.48,37.949060424076336
5.5,37.949610552708414
5.52,37.95218884177115
5.54,37.95611204562731
5.56,37.96110290521155
5.58,37.967680324170985
5.6,37.97583241153018
5.62,37.985444186443864
5.64,37.99739212166911
5.66,38.010836886340456
5.68,38.026267851408825
5.7,38.04454642982594
5.72,38.06430976460557
5.74,38.086955722488675
5.76,38.11051387427987
5.78,38.13734460813741
5.8,38.16666490822595
5.82,38.19740821354528
5.84,38.23175221435641
5.86,38.26787006314643
5.88,38.30658945778404
5.9,38.34767021424411
5.92,38.39052230989202
5.94,38.43498436932979
5.96,38.48198686274708
5.98,38.53058350839308
6.0,38.580623869086615
6.02,38.63228393262419
6.04,38.68477594718503
6.06,38.738642113170314
6.08,38.792873529054674
6.1,38.84748591606148
6.12,38.90276120438056
6.14,38.95845202083554
6.16,39.013539484684316
6.18,39.06883370030804
6.2,39.12352776213683
6.22,39.17710502428963
6.24,39.230058662935676
6.26,39.281808848230995
6.28,39.33277414213136
6.3,39.38365630622978
6.32,39.43262116600281
6.34,39.48103606240613
6.36,39.52809228884635
6.38,39.574275640507985
6.4,39.6197114729737
6.42,39.66389973454624
6.44,39.70712659973222
6.46,39.748059430351574
6.48,39.788797737575194
6.5,39.82900900803425
6.52,39.868150946086885
6.54,39.90645461580897
6.56,39.94383408283099
6.58,39.980340222562425
6.6,40.017023218392644
6.62,40.05339151541446
6.64,40.08901721483638
6.66,40.124585733267544
6.68,40.16075205566312
6.7,40.19588375967714
6.72,40.23238416238374
6.74,40.26908771284237
6.76,40.307101641880536
6.78,40.34625533317004
6.8,40.385952118735624
6.82,40.4268236827192
6.84,40.468733376564835
6.86,40.512663501271085
6.88,40.55767257505491
6.9,40.60460163659479
6.92,40.65207792781123
6.94,40.702133750878914
6.96,40.753878413727215
6.98,40.80737474220379
7.0,40.862165182647416
7.02,40.91961459948982
7.04,40.97833227040378
7.06,41.03838895870462
7.08,41.10017744274998
7.1,41.16379755298981
7.12,41.228661749182635
7.14,41.29449480179559
7.16,41.36195272282597
7.18,41.43048155969558
7.2,41.50006417107539
7.22,41.570065984040404
7.24,41.640590176505675
7.26,41.7112392309995
7.28,41.782601710959106
7.3,41.85341533245309
7.32,41.92343331440142
7.34,41.9938058328922
7.36,42.06402511271117
7.38,42.132995430950196
7.4,42.20159392979415
7.42,42.26937586065977
7.44,42.33713458810773
7.46,42.40328371858936
7.48,42.4683983775142
7.5,42.53275672813083
7.52,42.595437554593076
7.54,42.6573965865023
7.56,42.71833781718422
7.58,42.77754029874545
7.6,42.83504573098097
7.62,42.89074931215629
7.64,42.94566253168283
7.66,42.99914787653049
7.68,43.04972680293277
7.7,43.09963434612162
7.72,43.14816467547193
7.74,43.19453775427928
7.76,43.24028838708479
7.78,43.28421611418397
7.8,43.32614367245529
7.82,43.36797537439101
7.84,43.407777040896455
7.86,43.446344786646584
7.88,43.4854670584899
7.9,43.52216237462235
7.92,43.55849348302106
7.94,43.59542326082967
7.96,43.63180822614585
7.98,43.667760821891186
8.0,43.70305987732818
8.02,43.73930308130403
8.04,43.775338629428894
8.06,43.81172113482685
8.08,43.848556186837904
8.1,43.88626052834058
8.12,43.92451736445741
8.14,43.96380406410402
8.16,44.003659358858044
8.18,44.04467288332335
8.2,44.08668470076607
8.22,44.12998764622358
8.24,44.17382896654066
8.26,44.219835766505625
8.28,44.265490953835915
8.3,44.31229480026503
8.32,44.36023301791476
8.34,44.40955320111946
8.36,44.45881854308829
8.38,44.50874139080319
8.4,44.558843545590804
8.42,44.60954799437299
8.44,44.660018680676394
8.46,44.71123811732139
8.48,44.762057232794305
8.5,44.81182692919793
8.52,44.86222260883615
8.54,44.91216597013414
8.56,44.96113408831835
8.58,45.01000735028481
8.6,45.058720824227166
8.62,45.10652628277279
8.64,45.15520238639544
8.66,45.203481261571845
8.68,45.25127517205061
8.7,45.29982896539787
8.72,45.34786411414894
8.74,45.39689789883292
8.76,45.446164147112384
8.78,45.496077780543075
8.8,45.54622857044836
8.82,45.597769457423496
8.84,45.649724991870485
8.86,45.70289988121287
8.88,45.75660456009023
8.9,45.81121325137819
8.92,45.86734047704186
8.94,45.925109248217744
8.96,45.982840851033494
8.98,46.04260762358478
9.0,46.102238932198425
9.02,46.16380210902348
9.04,46.225526559236684
9.06,46.287938072782225
9.08,46.3501371088086
9.1,46.414023301763024
9.12,46.47765065173047
9.14,46.54124432769149
9.16,46.6057164123505
9.18,46.66884009834844
9.2,46.732508859720525
9.22,46.79523692056449
9.24,46.85748719362249
9.26,46.91936135175642
9.28,46.98061568547608
9.3,47.041128003423886
9.32,47.10139850739018
9.34,47.159622991829565
9.36,47.21678485317521
9.38,47.27180745524254
9.4,47.326065980578996
9.42,47.379948040886795
9.44,47.432092391615036
9.46,47.48333338255012
9.48,47.532882101667475
9.5,47.580970672765446
9.52,47.62801927136801
9.54,47.674575174269854
9.56,47.7196891395285
9.58,47.76460797497537
9.6,47.80773401251813
9.62,47.851549259169104
9.64,47.89395878507908
9.66,47.93582024754175
9.68,47.978212492220194
9.7,48.02116808475592
9.72,48.06259202298521
9.74,48.10472308737385
9.76,48.146386567042704
9.78,48.18782920724192
9.8,48.229355343595635
9.82,48.27051026108963
9.84,48.311313149756614
9.86,48.351622766231166
9.88,48.392164410170885
9.9,48.431134031712794
9.92,48.46959043524752
9.94,48.50784894186576
9.96,48.54439304704905
9.98,48.57968451818
10.0,48.61394106683115
10.02,48.64614893032599
10.04,48.676420668531186
10.06,48.70536664437023
10.08,48.73258391166425
10.1,48.75701369672134
10.12,48.779767261012914
10.14,48.799024534928314
10.16,48.81641045901486
10.18,48.831620051500934
10.2,48.84363491840153
10.22,48.853228785747554
10.24,48.8604814423902
10.26,48.863534824262956
10.28,48.86362302893046
10.3,48.86094612664093
10.32,48.85533970150972
10.34,48.84736757539455
10.36,48.83611227169929
10.38,48.822351779782934
10.4,48.805936827073346
10.42,48.78683323535338
10.44,48.765225912509976
10.46,48.741927677813806
10.48,48.7166884000542
10.5,48.68820472820585
10.52,48.65855743010755
10.54,48.62764124469896
10.56,48.59390180754145
10.58,48.558174294826664
10.6,48.521468179487975
10.62,48.4833364574727
10.64,48.44151169857717
10.66,48.39907328832159
10.68,48.355362465898324
10.7,48.30878601421323
10.72,48.260201708438814
10.74,48.209324752652634
10.76,48.15616869757746
10.78,48.10047315045974
10.8,48.04363708422988
10.82,47.98404356957998
10.84,47.9220735265182
10.86,47.858297717739376
10.88,47.79172186842873
10.9,47.72265621667861
10.92,47.651246620405615
10.94,47.57759434023269
10.96,47.50070527223028
10.98,47.42189369746774
11.0,47.340896598071794
11.02,47.25682299661285
11.04,47.169893246115755
11.06,47.081095320958646
11.08,46.98855633554165
11.1,46.89416568793403
11.12,46.797069626179834
11.14,46.697234479068605
11.16,46.594982333640765
11.18,46.49101039507674
11.2,46.38545242415397
11.22,46.27691940346774
11.24,46.167959716032264
11.26,46.0571392922478
11.28,45.94526730108596
11.3,45.83224927900294
11.32,45.71992811377054
11.34,45.60579267967282
11.36,45.492005033057126
11.38,45.37830529573316
11.4,45.26457751345009
11.42,45.1513243373251
11.44,45.03959095905721
11.46,44.929228505792636
11.48,44.81952493950684
11.5,44.71146401952395
11.52,44.6065443048349
11.54,44.50298639475553
11.56,44.402772372075205
11.58,44.30491620688971
11.6,44.2110299043379
11.62,44.11952424478096
11.64,44.030507937064115
11.66,43.94575089480414
11.68,43.864686482493894
11.7,43.787394482278124
11.72,43.71394182936038
11.74,43.643774398671745
11.76,43.57674601161709
11.78,43.514209791500086
11.8,43.45553924941124
11.82,43.400095256010445
11.84,43.348177061065186
11.86,43.29969460572664
11.88,43.25452281490289
11.9,43.21225251671986
11.92,43.17300882604228
11.94,43.13753461418353
11.96,43.10416485333348
11.98,43.07397147242002
12.0,43.046602305943594
12.02,43.02105538007769
12.04,42.999038982064484
12.06,42.97924619758514
12.08,42.96141387191519
12.1,42.946086019475096
12.12,42.93308054403803
12.14,42.92140906715942
12.16,42.91110236719975
12.18,42.902481595042126
12.2,42.89556165085318
12.22,42.88901937111247
12.24,42.884491046505175
12.26,42.88139951089128
12.28,42.87900402293973
12.3,42.876457743082
12.32,42.87530358354951
12.34,42.87555346350778
12.36,42.875727702189586
12.38,42.87690365080754
12.4,42.87818268401143
12.42,42.8801122196065
12.44,42.88240154047882
12.46,42.885550879835726
12.48,42.88941644316716
12.5,42.893343724214645
12.52,42.89755988467379
12.54,42.90231128343894
12.56,42.90858578228246
12.58,42.91474183026008
12.6,42.921679204117105
12.62,42.92897901250597
12.64,42.938286720502596
12.66,42.94762801045491
12.68,42.95716279754267
12.7,42.968014816311
12.72,42.979693950826366
12.74,42.99322704172878
12.76,43.00755333121955
12.78,43.023284919351795
12.8,43.04076592993891
12.82,43.060220935245496
12.84,43.081451804110394
12.86,43.10455588310028
12.88,43.13053927139114
12.9,43.15751276366224
12.92,43.18760943674857
12.94,43.220037567289495
12.96,43.253848812865925
12.98,43.28932319370945
13.0,43.32711033031178
13.02,43.36634331758765
13.04,43.4070918596559
13.06,43.449368968934536
13.08,43.49288740714825
13.1,43.53814085087429
13.12,43.58459576640404
13.14,43.63140678140603
13.16,43.678813822088735
13.18,43.727106866820385
13.2,43.77609501625967
13.22,43.82483429767089
13.24,43.87427531533518
13.26,43.923831873852954
13.28,43.9733325528466
13.3,44.02260957737815
13.32,44.072993980777994
13.34,44.122845720582205
13.36,44.17215550217121
13.38,44.22102455777619
13.4,44.26993532716359
13.42,44.31852579159172
13.44,44.36602605786894
13.46,44.41238374809561
13.48,44.45895642049811
13.5,44.503883251183126
13.52,44.54745321776543
13.54,44.5912025850282
13.56,44.63303650889637
13.58,44.67425370246398
13.6,44.714394287636104
13.62,44.752705819288124
13.64,44.79131220517729
13.66,44.828500686293545
13.68,44.86447857403066
13.7,44.89990825920045
13.72,44.934318481591326
13.74,44.968288783207285
13.76,45.00206463973504
13.78,45.035099673652326
13.8,45.06711737005466
13.82,45.09956389761584
13.84,45.13137364511707
13.86,45.16329565871925
13.88,45.1952119461784
13.9,45.22713485165887
13.92,45.25903271467818
13.94,45.29118977908331
13.96,45.32350590916914
13.98,45.3562366925672
14.0,45.3887097595143
14.02,45.42177883691609
14.04,45.45465979657635
14.06,45.48826350277574
14.08,45.52126679844601
14.1,45.555442604308205
14.12,45.58874486514337
14.14,45.622373193167526
14.16,45.65617247259275
14.18,45.688739690723146
14.2,45.721626653308746
14.22,45.75356716950701
14.24,45.784944661883934
14.26,45.814819575744295
14.28,45.843823375990134
14.3,45.871891901972674
14.32,45.89840128722332
14.34,45.924125869865094
14.36,45.94661921244151
14.38,45.96852261721897
14.4,45.988708100191275
14.42,46.006993719798615
14.44,46.02362506965863
14.46,46.038195745392564
14.48,46.05062628551851
14.5,46.06185958050444
14.52,46.07055631691011
14.54,46.07780880948538
14.56,46.08218030123674
14.58,46.08588272031632
14.6,46.08762384551794
14.62,46.08737715474544
14.64,46.08566745160294
14.66,46.08300505803319
14.68,46.07820478850483
14.7,46.07255154686315
14.72,46.06471899885311
14.74,46.05609824901484
14.76,46.04586045730673
14.78,46.0355894485323
14.8,46.023838861855246
14.82,46.011359748417675
14.84,45.99852958324279
14.86,45.98620014612352
14.88,45.97140774600548
14.9,45.95774747639168
14.92,45.9439330957208
14.94,45.93031504058463
14.96,45.9163849569191
14.98,45.90384858204502
15.0,45.89133878392964
15.02,45.880464326280126
15.04,45.869671849164355
15.06,45.86106661091485
15.08,45.852174080272796
15.1,45.84508430252392
15.12,45.838615016501926
15.14,45.83372592113462
15.16,45.83007803336449
15.18,45.82757836348266
15.2,45.826969025185704
15.22,45.82706365643144
15.24,45.829187398836446
15.26,45.83165738812839
15.28,45.83544320484629
15.3,45.84001938504026
15.32,45.84641610272741
15.34,45.85301999876876
15.36,45.85990494393026
15.38,45.868559916671
15.4,45.877166355436934
15.42,45.887021577189174
15.44,45.89746405294326
15.46,45.90819523854008
15.48,45.9196532965541
15.5,45.930632275701456
15.52,45.94173258391945
15.54,45.95238331634977
15.56,45.96389163783461
15.58,45.97439858860176
15.6,45.98470768132352
15.62,45.99568109650864
15.64,46.00606407351526
15.66,46.016452447985706
15.68,46.02606354142448
15.7,46.03581683588839
15.72,46.04500020055777
15.74,46.05399886236079
15.76,46.06363570655868
15.78,46.07256264603708
15.8,46.080764835025334
15.82,46.08955098326707
15.84,46.098020112636796
15.86,46.10686985055269
15.88,46.1158032587498
15.9,46.124487402499696
15.92,46.13271508875823
15.94,46.14000425408026
15.96,46.14643348679933
15.98,46.15321170313073
16.0,46.158724916091366
16.02,46.163048135543434
16.04,46.166350234219834
16.06,46.16945024879836
16.08,46.17123732694434
16.1,46.1716303056384
16.12,46.170415458606165
16.14,46.168473567518326
16.16,46.16576893046447
16.18,46.161346620427146
16.2,46.15617942580644
16.22,46.1499169517516
16.24,46.14204680339887
16.26,46.13318638235864
16.28,46.123301649598794
16.3,46.112604834154304
16.32,46.09977304918192
16.34,46.087475109956536
16.36,46.0738909969699
16.38,46.058913762578
16.4,46.04226796098003
16.42,46.024696317939025
16.44,46.00669882886434
16.46,45.98712515556204
16.48,45.965753434481975
16.5,45.943380125543754
16.52,45.91958182124055
16.54,45.894039711593045
16.56,45.86753038791476
16.58,45.83970965062261
16.6,45.811239246795196
16.62,45.781375365784875
16.64,45.74958759587605
16.66,45.71578031973656
16.68,45.681414170162036
16.7,45.646629357512666
16.72,45.61035256888365
16.74,45.572783790028005
16.76,45.533836891059266
16.78,45.49488302801365
16.8,45.45505780126959
16.82,45.415141368556526
16.84,45.3745531369366
16.86,45.33329387448022
16.88,45.29125750135806
16.9,45.24888069099698
16.92,45.20611046196309
16.94,45.16310198731992
16.96,45.12042613888802
16.98,45.077080147623526
17.0,45.03334268699133
17.02,44.988952525642766
17.04,44.944901150872305
17.06,44.900305910831214
17.08,44.85577128869045
17.1,44.8102801425363
17.12,44.76484465672191
17.14,44.71970211103627
17.16,44.673972595290856
17.18,44.62866608513204
17.2,44.582453219985055
17.22,44.53672454765899
17.24,44.49068028698838
17.26,44.4451378427433
17.28,44.39992345288655
17.3,44.354654203950886
17.32,44.30926644285084
17.34,44.2649951015018
17.36,44.221264975361784
17.38,44.17734987179868
17.4,44.135073368393634
17.42,44.092790625639154
17.44,44.051089851795155
17.46,44.011081398422846
17.48,43.97163445138759
17.5,43.93360628927615
17.52,43.896722465334534
17.54,43.86098959292538
17.56,43.82724362088918
17.58,43.79398771595246
17.6,43.76328372471029
17.62,43.732920519241326
17.64,43.704409182965456
17.66,43.67665064372609
17.68,43.650304379528905
17.7,43.62509001436769
17.72,43.60052303367289
17.74,43.57695493790512
17.76,43.553881368156226
17.78,43.531707781592765
17.8,43.509471483249634
17.82,43.486451293131125
17.84,43.46432352194423
17.86,43.44157102043989
17.88,43.41805190249345
17.9,43.39390754288724
17.92,43.36944910734838
17.94,43.343764166812974
17.96,43.31677496791633
17.98,43.28928782546306
18.0,43.26009897021043
18.02,43.229591219223856
18.04,43.19785315231812
18.06,43.16452826938104
18.08,43.12904003239719
18.1,43.09376856632407
18.12,43.05608715255782
18.14,43.016882643806696
18.16,42.976823438617586
18.18,42.93466504996995
18.2,42.891986270865544
18.22,42.84681457579762
18.24,42.80082064704831
18.26,42.75399562681621
18.28,42.705398565878916
18.3,42.65589981634391
18.32,42.605190809319616
18.34,42.55439474801955
18.36,42.502245563869366
18.38,42.44962980081602
18.4,42.39657032110145
18.42,42.34422560479004
18.44,42.29082067571867
18.46,42.237765999345434
18.48,42.184582616994724
18.5,42.13203580762651
18.52,42.07937748470796
18.54,42.027321441819055
18.56,41.975917219725936
18.58,41.924653185879514
18.6,41.87422870803408
18.62,41.82547128564715
18.64,41.77667539090663
18.66,41.72872535702172
18.68,41.68202073742679
18.7,41.636216988816294
18.72,41.59135977197868
18.74,41.54774323456585
18.76,41.50446522709365
18.78,41.462363458163736
18.8,41.421960470901645
18.82,41.38129803546996
18.84,41.342920788580585
18.86,41.30475874500874
18.88,41.26722435839749
18.9,41.23058099521685
18.92,41.19453371841339
18.94,41.15979116337349
18.96,41.12557744748795
18.98,41.09125621701068
19.0,41.057749129091874
19.02,41.024552192065684
19.04,40.99076436152264
19.06,40.9576658576537
19.08,40.923464024650414
19.1,40.88950606436737
19.12,40.85529519247886
19.14,40.81910798570599
19.16,40.78235151685147
19.18,40.74500947100299
19.2,40.70565186880064
19.22,40.66427588979638
19.24,40.622454967774566
19.26,40.5782900178117
19.28,40.53141597811369
19.3,40.48383870217908
19.32,40.434117143219154
19.34,40.382563960829906
19.36,40.32881573273745
19.38,40.27401400617794
19.4,40.217264253682885
19.42,40.159146578299165
19.44,40.098932629622844
19.46,40.038646386400956
19.48,39.97656322928867
19.5,39.914244101529725
19.52,39.85160078512276
19.54,39.78833515296548
19.56,39.7259222874403
19.58,39.66290929949028
19.6,39.60120840454283
19.62,39.54090808811307
19.64,39.48112036829411
19.66,39.42298209904294
19.68,39.36612452769965
19.7,39.31068524213058
19.72,39.25810156661709
19.74,39.20756031619351
19.76,39.15909245907321
19.78,39.11310754125049
19.8,39.06927259926638
19.82,39.02860386962459
19.84,38.99013349852608
19.86,38.954971490204535
19.88,38.92176071999238
19.9,38.89190080875901
19.92,38.86385391118755
19.94,38.83948462935244
19.96,38.81702944925424
19.98,38.79693798298858
20.0,38.78025465680517
20.02,38.76563255536748
20.04,38.75292946539679
20.06,38.74223222449242
20.08,38.73348245248741
20.1,38.72617428796247
20.12,38.72040282987121
20.14,38.71636658035178
20.16,38.71324926208511
20.18,38.71094672535924
20.2,38.70876269418446
20.22,38.70757944816852
20.24,38.70662681550121
20.26,38.705287501048744
20.28,38.70466031459443
20.3,38.703579038004754
20.32,38.70215041023649
20.34,38.69973417564865
20.36,38.69756057603589
20.38,38.69362323144914
20.4,38.68938620410171
20.42,38.68388031861035
20.44,38.67746957325426
20.46,38.66980029618727
20.48,38.66197401017328
20.5,38.65267691762126
20.52,38.64306303956807
20.54,38.63245628564567
20.56,38.621145081974724
20.58,38.60936494535657
20.6,38.59730898563456
20.62,38.58517577908751
20.64,38.571916116906166
20.66,38.56019371107576
20.68,38.5476871965211
20.7,38.53595047474719
20.72,38.52378617613198
20.74,38.513171435894975
20.76,38.503201303481724
20.78,38.493842909853505
20.8,38.48616202096828
20.82,38.47907972738212
20.84,38.47377823020538
20.86,38.47034201137142
20.88,38.468099882884665
20.9,38.46742098921784
20.92,38.469005589178686
20.94,38.471391749722216
20.96,38.475779768286316
20.98,38.48152537987949
21.0,38.48858477460239
21.02,38.496443613789836
21.04,38.50619283602464
21.06,38.516669973027625
21.08,38.52760388646726
21.1,38.53925203265946
21.12,38.55244357852138
21.14,38.56600455670605
21.16,38.57969822253056
21.18,38.595157222762005
21.2,38.610320879010445
21.22,38.62534203202548
21.24,38.641180408126615
21.26,38.65828169917046
21.28,38.67492009447743
21.3,38.69243740259096
21.32,38.70942423460918
21.34,38.72773525255195
21.36,38.74587746851942
21.38,38.76442205950612
21.4,38.78417318179705
21.42,38.80337781104006
21.44,38.82333260409558
21.46,38.843395486237334
21.48,38.86327792819208
21.5,38.884671635022734
21.52,38.90581740443028
21.54,38.926708599987556
21.56,38.948929600051805
21.58,38.97059889769602
21.6,38.99221957886482
21.62,39.01385282697421
21.64,39.036526009715146
21.66,39.05876736261019
21.68,39.08035363633266
21.7,39.102832468532554
21.72,39.125031767887016
21.74,39.147702732987426
21.76,39.16995013878738
21.78,39.19292877052835
21.8,39.21600724789006
21.82,39.239116981139105
21.84,39.26287671263168
21.86,39.28739180393235
21.88,39.31125815900054
21.9,39.33544212827912
21.92,39.36038955823793
21.94,39.3851533131665
21.96,39.4107632626239
21.98,39.43544776846675
22.0,39.460649699790046
22.02,39.48649740981967
22.04,39.51244696446266
22.06,39.53911783510283
22.08,39.5647806334001
22.1,39.59090336216004
22.12,39.61689689496312
22.14,39.64226437764059
22.16,39.66889737589682
22.18,39.69440969122306
22.2,39.719935731432315
22.22,39.745228241674816
22.24,39.77068397544778
22.26,39.79581597845302
22.28,39.81946921229572
22.3,39.84280216102944
22.32,39.86629567835689
22.34,39.889504104526395
22.36,39.91059364974201
22.38,39.932004760557426
22.4,39.95289270182491
22.42,39.97271104326272
22.44,39.99288183977596
22.46,40.012120891706054
22.48,40.0308068283118
22.5,40.04875041238651
22.52,40.06569374910833
22.54,40.08306936409937
22.56,40.09982931773744
22.58,40.115733347465664
22.6,40.13099420104824
22.62,40.146391064433764
22.64,40.16211474957996
22.66,40.177142592056015
22.68,40.191681392926824
22.7,40.20696813131117
22.72,40.22218945238028
22.74,40.2372645176541
22.76,40.2528787444925
22.78,40.26840559401268
22.8,40.28462118296852
22.82,40.30149207370084
22.84,40.31868208356225
22.86,40.336532515593994
22.88,40.35445478893208
22.9,40.37313159992683
22.92,40.393321726569006
22.94,40.41380464310031
22.96,40.43494686841852
22.98,40.45689925353959
23.0,40.48061399213652
23.02,40.50455778277349
23.04,40.53001303544611
23.06,40.55521575477556
23.08,40.582030200728305
23.1,40.60964686216808
23.12,40.637228398140486
23.14,40.66649364029169
23.16,40.69491577760598
23.18,40.72504764759761
23.2,40.75481645174695
23.22,40.784185491403385
23.24,40.81388884549597
23.26,40.8431080159281
23.28,40.8712420648453
23.3,40.89889415153655
23.32,40.92571835932507
23.34,40.95031445200484
23.36,40.97427492789511
23.38,40.99680654972116
23.4,41.01764113487033
23.42,41.03591247751195
23.44,41.05368716533598
23.46,41.06851688383095
23.48,41.082948995171975
23.5,41.0948512711092
23.52,41.104667568703576
23.54,41.1136395822928
23.56,41.12040923834275
23.58,41.12525611157358
23.6,41.12891784492239
23.62,41.13166612892815
23.64,41.133351398026896
23.66,41.13406494206184
23.68,41.13365718145465
23.7,41.13206069570912
23.72,41.130408330294124
23.74,41.12801606342395
23.76,41.125308460953306
23.78,41.12196853406882
23.8,41.11825616353817
23.82,41.11494313469859
23.84,41.11009456982467
23.86,41.105828056134214
23.88,41.10082780972804
23.9,41.09545298095973
23.92,41.09040925229731
23.94,41.08444108665345
23.96,41.07805650878238
23.98,41.070405387768915
24.0,41.06283429608716
24.02,41.05430977307331
24.04,41.04492326664483
24.06,41.03463744931767
24.08,41.02369023402331
24.1,41.011492674299966
24.12,40.99846209433411
24.14,40.984297980147105
24.16,40.9684438296814
24.18,40.95132959211564
24.2,40.932529672933846
24.22,40.91245384708234
24.24,40.89087699306723
24.26,40.86803894835134
24.28,40.84319082965921
24.3,40.816954775627394
24.32,40.78945535877664
24.34,40.75946267556672
24.36,40.728685061531586
24.38,40.69628548447048
24.4,40.66151350189888
24.42,40.62682013161406
24.44,40.59010727464147
24.46,40.55307842789376
24.48,40.51457057998443
24.5,40.475335290952806
24.52,40.4351560586221
24.54,40.39399746445554
24.56,40.35182712164205
24.58,40.31007118578805
24.6,40.266758177936495
24.62,40.22369577020358
24.64,40.17903936119659
24.66,40.134065761016984
24.68,40.088733133623904
24.7,40.04341003603618
24.72,39.99828655740178
24.74,39.95182114098325
24.76,39.90498961337589
24.78,39.858371502805646
24.8,39.81066239011099
24.82,39.76420899720932
24.84,39.71685983003101
24.86,39.66858048580822
24.88,39.62056692840866
24.9,39.57287835039166
24.92,39.52405195545644
24.94,39.475474146453855
24.96,39.42711739765283
24.98,39.378329763285734
25.0,39.32953462164188
25.02,39.28030336327217
25.04,39.230993714993815
25.06,39.18228955189356
25.08,39.13268582261702
25.1,39.08382520864764
25.12,39.035141669494
25.14,38.98643542941716
25.16,38.9377896094075
25.18,38.89014280055409
25.2,38.84296054796602
25.22,38.79630160704446
25.24,38.75046536209515
25.26,38.70536074189896
25.28,38.65999112102492
25.3,38.616401658643085
25.32,38.573676300246916
25.34,38.53106129632818
25.36,38.4910876748418
25.38,38.451654152605016
25.4,38.41203006509675
25.42,38.37438917251516
25.44,38.33771077051328
25.46,38.30209412908908
25.48,38.26656786325329
25.5,38.231268849253716
25.52,38.197964763148136
25.54,38.16418463309878
25.56,38.13068448407204
25.58,38.0985403118186
25.6,38.06519262202377
25.62,38.033222764811256
25.64,38.000270123165414
25.66,37.96747202871141
25.68,37.9354375526851
25.7,37.90265590624836
25.72,37.86999467056252
25.74,37.83706794114446
25.76,37.80388649763633
25.78,37.77027363248187
25.8,37.73625045420168
25.82,37.70231271340218
25.84,37.66786639980973
25.86,37.63206853579772
25.88,37.59641359930882
25.9,37.5604787821679
25.92,37.52315567267214
25.94,37.48574204478489
25.96,37.44810607712073
25.98,37.40977768353045
26.0,37.37070251541207
26.02,37.33203476621629
26.04,37.2926167792171
26.06,37.25264179344625
26.08,37.212356516054626
26.1,37.17249546108216
26.12,37.132555616248254
26.14,37.09154216159781
26.16,37.051663524207115
26.18,37.01106445186708
26.2,36.97080556786747
26.22,36.93078127462482
26.24,36.89069851316411
26.26,36.85106700128718
26.28,36.81162140078641
26.3,36.772410929310254
26.32,36.73410532002551
26.34,36.69549175619342
26.36,36.65818492491716
26.38,36.62138324473838
26.4,36.5856830623207
26.42,36.55023655110459
26.44,36.515439004926066
26.46,36.480973049731176
26.48,36.44872615233191
26.5,36.416373577570305
26.52,36.38551313270787
26.54,36.35560277646613
26.56,36.327454794318776
26.58,36.30001039722169
26.6,36.27416820896038
26.62,36.2503936080937
26.64,36.22789288790061
26.66,36.206681230770336
26.68,36.18760949567284
26.7,36.171173288934135
26.72,36.15639205163549
26.74,36.14427594222842
26.76,36.13418350285215
26.78,36.126947067072024
26.8,36.12215621369395
26.82,36.120143875157666
26.84,36.120535385802995
26.86,36.12426851745036
26.88,36.129885405203325
26.9,36.13962659836937
26.92,36.15198432794144
26.94,36.16681200444655
26.96,36.18482053206878
26.98,36.20580959220995
27.0,36.22969901314738
27.02,36.256997421447664
27.04,36.28681734723257
27.06,36.31972103601261
27.08,36.35555091932898
27.1,36.39403100313606
27.12,36.43506573812543
27.14,36.47918991654318
27.16,36.52577372880282
27.18,36.57470952363576
27.2,36.62628814711228
27.22,36.68010776229079
27.24,36.737116558882335
27.26,36.795629347000684
27.28,36.856587772218155
27.3,36.919020464933965
27.32,36.9835826975207
27.34,37.04949779625121
27.36,37.117049949379336
27.38,37.18559362539021
27.4,37.25466195410101
27.42,37.324225744542176
27.44,37.39317500802932
27.46,37.462853683959885
27.48,37.53269267474541
27.5,37.60156927142809
27.52,37.6693025885903
27.54,37.736305273135265
27.56,37.80191139571522
27.58,37.8654164027214
27.6,37.92721773278478
27.62,37.986816233552496
27.64,38.044575588972485
27.66,38.09905545816254
27.68,38.15132777758454
27.7,38.20122053315505
27.72,38.24831432908923
27.74,38.29326736289021
27.76,38.33489793369093
27.78,38.373932014105655
27.8,38.41080917250539
27.82,38.44549839856268
27.84,38.477379478877836
27.86,38.50718660442179
27.88,38.53492467166302
27.9,38.56091451989513
27.92,38.5858423415824
27.94,38.60821418068713
27.96,38.629837719720605
27.98,38.65113685387203
28.0,38.670954376295306
28.02,38.69059384066184
28.04,38.70926850724405
28.06,38.72792426437098
28.08,38.74620577858959
28.1,38.76472487383701
28.12,38.78324103698787
28.14,38.80269207690585
28.16,38.822099322350034
28.18,38.842264587573574
28.2,38.86306981171931
28.22,38.88422722534383
28.24,38.90649792879623
28.26,38.92909929692281
28.28,38.95357566247267
28.3,38.977436895655785
28.32,39.00220762313898
28.34,39.02817598921728
28.36,39.05442369971256
28.38,39.08183127889476
28.4,39.10938877888858
28.42,39.136749602816415
28.44,39.165315326231394
28.46,39.194149000694125
28.48,39.22412063375479
28.5,39.253061718060486
28.52,39.2830343215992
28.54,39.31277707476879
28.56,39.342412072783596
28.58,39.37201114925567
28.6,39.40179418723173
28.62,39.431016326595
28.64,39.45999372041396
28.66,39.488656958430546
28.68,39.51745390090702
28.7,39.545914881714985
28.72,39.573884167726554
28.74,39.60140695731305
28.76,39.62950490285992
28.78,39.65695696243849
28.8,39.68361069356884
28.82,39.71083574125349
28.84,39.7375265630571
28.86,39.76446319078818
28.88,39.79118995595649
28.9,39.81884770007393
28.92,39.84663684647366
28.94,39.87470495245868
28.96,39.90314582543335
28.98,39.93323999297534
29.0,39.96353357063775
29.02,39.99485629171274
29.04,40.02701963375593
29.06,40.06106402753123
29.08,40.095562928584975
29.1,40.13115271110371
29.12,40.16801493213685
29.14,40.20647990050126
29.16,40.246048794214545
29.18,40.28719154979339
29.2,40.32951375892856
29.22,40.372526447416725
29.24,40.41795194472524
29.26,40.46385618469297
29.28,40.51192678935214
29.3,40.56030777461843
29.32,40.60895666997587
29.34,40.657435835028345
29.36,40.706757995557474
29.38,40.75658461971072
29.4,40.806432340290776
29.42,40.85663065595131
29.44,40.90575967884283
29.46,40.95450868849682
29.48,41.00218061246217
29.5,41.05018489254468
29.52,41.09662441546982
29.54,41.141883154239935
29.56,41.18605737236896
29.58,41.2285913584497
29.6,41.269921272554264
29.62,41.30905804323476
29.64,41.34655935149229
29.66,41.382139476924166
29.68,41.41575579205064
29.7,41.44843229165036
29.72,41.478049134473856
29.74,41.50587914508312
29.76,41.53246394586475
29.78,41.556778115869626
29.8,41.578859543448296
29.82,41.60047143557584
29.84,41.62002472800899
29.86,41.63789874089268
29.88,41.65493010672543
29.9,41.67020469378144
29.92,41.6851630053285
29.94,41.69901197286805
29.96,41.712350250684175
29.98,41.724587519891706
30.0,41.7361753500045
30.02,41.74784566707767
30.04,41.759709657182015
30.06,41.770970125080964
30.08,41.78269355502936
30.1,41.793663229233665
30.12,41.805607958697095
30.14,41.818516767901926
30.16,41.83052832330425
30.18,41.84435824404824
30.2,41.8580825186277
30.22,41.872699230443416
30.24,41.888525786733446
30.26,41.90418942730981
30.28,41.920869150639014
30.3,41.938699428948205
30.32,41.95702498226552
30.34,41.97665356276649
30.36,41.99773675290998
30.38,42.018671867913476
30.4,42.041744006312484
30.42,42.06517160772687
30.44,42.090134496506245
30.46,42.11671490020148
30.48,42.143844349429756
30.5,42.17169324229978
30.52,42.20126202282472
30.54,42.23140872950987
30.56,42.26328663794842
30.58,42.296017426282404
30.6,42.328599318531914
30.62,42.36286049349347
30.64,42.397873389683596
30.66,42.43281274709932
30.68,42.46890673481323
30.7,42.50528717898801
30.72,42.54135259356866
30.74,42.57819616134844
30.76,42.61366855588742
30.78,42.649474444631544
30.8,42.684879943868
30.82,42.71971634968438
30.84,42.753619135552206
30.86,42.78592157466864
30.88,42.81860569188645
30.9,42.848813204859546
30.92,42.878946956679
30.94,42.90639158819732
30.96,42.93296063740466
30.98,42.95797259428361
31.0,42.980518826960115
31.02,43.001530771550414
31.04,43.02142252978365
31.06,43.03798749334179
31.08,43.05336103146076
31.1,43.067160219413985
31.12,43.07874433621393
31.14,43.08794298106663
31.16,43.09582612205792
31.18,43.10209448825339
31.2,43.10602226453195
31.22,43.10825637304896
31.24,43.110392857092734
31.26,43.11012283635709
31.28,43.10977816555215
31.3,43.10723005349682
31.32,43.10468497176695
31.34,43.102087024491574
31.36,43.097287591796515
31.38,43.09322801195609
31.4,43.08878504087841
31.42,43.08352935364338
31.44,43.078287157491445
31.46,43.07382842977867
31.48,43.06893482714095
31.5,43.063454091565056
31.52,43.05861057707715
31.54,43.05375238317975
31.56,43.0489001174006
31.58,43.044930884249304
31.6,43.04063843772283
31.62,43.03639856949351
31.64,43.032264697580764
31.66,43.027849594119175
31.68,43.02383651008086
31.7,43.01999850073328
31.72,43.016586467045315
31.74,43.01235001854173
31.76,43.00787315866204
31.78,43.00333784266833
31.8,42.99786090866474
31.82,42.99203065061971
31.84,42.98591329383667
31.86,42.978968935191666
31.88,42.97164166117609
31.9,42.963194420939345
31.92,42.95366047381237
31.94,42.943977129730726
31.96,42.93226501109931
31.98,42.919994502231724
32.0,42.90707932193613
32.02,42.892554410184005
32.04,42.877380119974625
32.06,42.86087267302846
32.08,42.844014254800875
32.1,42.82648533058393
32.12,42.80765939737911
32.14,42.78818005235958
32.16,42.76921219407492
32.18,42.74870895048389
32.2,42.72866652049949
32.22,42.7082976094054
32.24,42.68819117273491
32.26,42.66811865358506
32.28,42.6480069495336
32.3,42.6287182692657
32.32,42.60977210367365
32.34,42.59232675958239
32.36,42.57540769810997
32.38,42.559215721801756
32.4,42.54385262927054
32.42,42.530455908332556
32.44,42.518126298514055
32.46,42.50776942791214
32.48,42.49837681426041
32.5,42.490460731666474
32.52,42.48449355044479
32.54,42.479738860248446
32.56,42.476445052295546
32.58,42.47447050747889
32.6,42.4753308648577
32.62,42.4774063327421
32.64,42.48105399729757
32.66,42.486560285603005
32.68,42.49472652368465
32.7,42.50395642357256
32.72,42.514764886720215
32.74,42.52802416558721
32.76,42.54234069849023
32.78,42.557983159183316
32.8,42.57567722980075
32.82,42.594903209679345
32.84,42.615248180821624
32.86,42.63732327411104
32.88,42.66121162921406
32.9,42.68715586352796
32.92,42.71470207520689
32.94,42.74384143215668
32.96,42.77344109628614
32.98,42.80591039703405
33.0,42.83845959489368
33.02,42.87331906671259
33.04,42.909275972279126
33.06,42.94703337120326
33.08,42.985893866347396
33.1,43.025362455730004
33.12,43.06591933380487
33.14,43.10800218445835
33.16,43.15046080727673
33.18,43.193405755393876
33.2,43.23758024135126
33.22,43.282831694447026
33.24,43.3274237093118
33.26,43.372970017135536
33.28,43.41928370337804
33.3,43.46521856807335
33.32,43.51158011855925
33.34,43.55824692761049
33.36,43.6048274676005
33.38,43.651929807643995
33.4,43.69869124775844
33.42,43.74540868978677
33.44,43.791665306468694
33.46,43.837245247810095
33.48,43.881720064469064
33.5,43.92578545620252
33.52,43.96895502875242
33.54,44.012580588189984
33.56,44.054097465022764
33.58,44.094268989923066
33.6,44.13458359388831
33.62,44.173984520786846
33.64,44.21274643991569
33.66,44.24926200142241
33.68,44.28545791420313
33.7,44.32040698457272
33.72,44.35410438059633
33.74,44.386899413068186
33.76,44.41833902511921
33.78,44.44800033316777
33.8,44.47795632307488
33.82,44.50546344659342
33.84,44.532266596771116
33.86,44.5566825057274
33.88,44.580573787856316
33.9,44.6031834806056
33.92,44.62389400045553
33.94,44.643767761874614
33.96,44.662343951288804
33.98,44.68027841424151
34.0,44.69582873988376
34.02,44.71051414723037
34.04,44.72361860832165
34.06,44.735240950471805
34.08,44.74617173616238
34.1,44.75550648330923
34.12,44.76429162990685
34.14,44.77219670989716
34.16,44.778795698690246
34.18,44.78493480526408
34.2,44.790391413023755
34.22,44.79523666946128
34.24,44.80044205446438
34.26,44.80380666439942
34.28,44.80826177460329
34.3,44.812087986686684
34.32,44.81587681193715
34.34,44.819578504946215
34.36,44.82216899689991
34.38,44.825106600483544
34.4,44.82760750325367
34.42,44.82899336784317
34.44,44.82998573547542
34.46,44.829887879883294
34.48,44.82901715199036
34.5,44.82672295647694
34.52,44.824215493274444
34.54,44.819589452252124
34.56,44.815102804803594
34.58,44.8085283458526
34.6,44.8016150345977
34.62,44.79297311499894
34.64,44.7831507929423
34.66,44.77175949089936
34.68,44.759503608747316
34.7,44.746817881645484
34.72,44.73289485187241
34.74,44.71797364552437
34.76,44.702108245715564
34.78,44.68546656214011
34.8,44.66820711470063
34.82,44.651118420146254
34.84,44.6321507037084
34.86,44.61418147039894
34.88,44.59509693633668
34.9,44.576060261798155
34.92,44.557052509995934
34.94,44.53798345143467
34.96,44.51890633221343
34.98,44.49941555486151
35.0,44.48042998193383
35.02,44.46200132185814
35.04,44.44347104150529
35.06,44.425427362510874
35.08,44.40675990428518
35.1,44.38950662205044
35.12,44.37215400064618
35.14,44.355053456463565
35.16,44.33809416640613
35.18,44.32050891761671
35.2,44.30313178341284
35.22,44.28571980005241
35.24,44.26804214920005
35.26,44.250402434775395
35.28,44.23219832641767
35.3,44.21334255122115
35.32,44.19428896388199
35.34,44.17587550504603
35.36,44.156749134083
35.38,44.137323095158166
35.4,44.11717035378633
35.42,44.09706883541445
35.44,44.076378004344605
35.46,44.054995724016166
35.48,44.033934905679
35.5,44.012123202839064
35.52,43.99011562501149
35.54,43.968687982156396
35.56,43.94669054844728
35.58,43.9240294043961
35.6,43.901647659251054
35.62,43.87937400317576
35.64,43.856644646129894
35.66,43.83362062906166
35.68,43.81022272860871
35.7,43.787741288493095
35.72,43.764187483941555
35.74,43.74078112165939
35.76,43.71757547377267
35.78,43.69439193600172
35.8,43.67129402883416
35.82,43.64763168498954
35.84,43.625247508688034
35.86,43.60290432675141
35.88,43.5808818026684
35.9,43.5591276590226
35.92,43.538589520939745
35.94,43.51768684134886
35.96,43.49764624545496
35.98,43.47786427384077
36.0,43.45892613449301
36.02,43.43950958950262
36.04,43.421224802956175
36.06,43.40337232465601
36.08,43.3876261300211
36.1,43.370952255272925
36.12,43.35535903448336
36.14,43.33977990411462
36.16,43.32470276313006
36.18,43.30978206738618
36.2,43.295251920099936
36.22,43.28057013980936
36.24,43.26630389380543
36.26,43.252207335991024
36.28,43.2379980651229
36.3,43.22349215584612
36.32,43.207965408812164
36.34,43.1941045916949
36.36,43.17895250251074
36.38,43.16351352728055
36.4,43.14859252654477
36.42,43.13314483518027
36.44,43.11756370408438
36.46,43.101695682105955
36.48,43.08599503119121
36.5,43.06980813734418
36.52,43.0534796067471
36.54,43.03818054455336
36.56,43.02263929640277
36.58,43.00688833173227
36.6,42.99166482293531
36.62,42.97662849134709
36.64,42.960818537796435
36.66,42.946973368155945
36.68,42.93291381414354
36.7,42.9203233073991
36.72,42.90763199017182
36.74,42.896173142620505
36.76,42.886455033648765
36.78,42.87586986421202
36.8,42.86711669744063
36.82,42.85979986265687
36.84,42.85281766419845
36.86,42.84689945133375
36.88,42.8428752759462
36.9,42.83943888270704
36.92,42.83649979531505
36.94,42.834985813018754
36.96,42.83410999374157
36.98,42.83383308444268
37.0,42.83539373753599
37.02,42.83725947158813
37.04,42.8405924637126
37.06,42.845485764745995
37.08,42.85188133061217
37.1,42.85985687973272
37.12,42.86897195694316
37.14,42.88033706798019
37.16,42.893110349364534
37.18,42.906867106726715
37.2,42.922508906660845
37.22,42.940971460235396
37.24,42.960637197107154
37.26,42.98277580493518
37.28,43.0059589162646
37.3,43.03060787004586
37.32,43.057771375625975
37.34,43.08589033813171
37.36,43.11511988987627
37.38,43.14548706704349
37.4,43.17732398855483
37.42,43.2090019599607
37.44,43.24197338542192
37.46,43.27529071989703
37.48,43.309061632181425
37.5,43.34358083010605
37.52,43.37768655503023
37.54,43.41159963560237
37.56,43.44559244497806
37.58,43.47928807489686
37.6,43.513615922323474
37.62,43.54716156995025
37.64,43.57974996532091
37.66,43.613744682347246
37.68,43.646533489875864
37.7,43.67862031870144
37.72,43.71003023945041
37.74,43.74037727790062
37.76,43.77022345169453
37.78,43.79899786168589
37.8,43.826111650639604
37.82,43.85249031943854
37.84,43.87761595045594
37.86,43.90060240374718
37.88,43.921943689476606
37.9,43.941461965582626
37.92,43.958813676237014
37.94,43.974417871874884
37.96,43.98850524619689
37.98,44.00019109307087
38.0,44.01013101969918
38.02,44.017874454998335
38.04,44.02416251125681
38.06,44.027759509419084
38.08,44.030309821294665
38.1,44.03050211754474
38.12,44.028544577246656
38.14,44.0258008883402
38.16,44.01964575583606
38.18,44.013226080378814
38.2,44.00487813001288
38.22,43.99576093240929
38.24,43.984891156532434
38.26,43.97316201292638
38.28,43.961883115838695
38.3,43.9487197415072
38.32,43.935131337079326
38.34,43.92082565842798
38.36,43.907338150701385
38.38,43.89337090287487
38.4,43.87919440828203
38.42,43.86575176042171
38.44,43.85335610734863
38.46,43.84138059373511
38.48,43.829788891908436
38.5,43.81996055887353
38.52,43.8104322585238
38.54,43.80301698761394
38.56,43.79700270636695
38.58,43.79336065207499
38.6,43.790550704141324
38.62,43.790958042078884
38.64,43.792524979621724
38.66,43.79671309765596
38.68,43.80180310401523
38.7,43.810090839594785
38.72,43.81975515246144
38.74,43.831196835940894
38.76,43.845428455289834
38.78,43.861790564109555
38.8,43.88069319863512
38.82,43.901323805780216
38.84,43.92403907130643
38.86,43.94828422117772
38.88,43.974480990383015
38.9,44.00314373924942
38.92,44.03227230119569
38.94,44.06328201299948
38.96,44.09501554213347
38.98,44.128012960500364
39.0,44.16188310495584
39.02,44.195569662637595
39.04,44.229894153555044
39.06,44.2640740578973
39.08,44.29881649583703
39.1,44.332216368212094
39.12,44.364684251151644
39.14,44.39620288200181
39.16,44.42570060477711
39.18,44.454825364255946
39.2,44.48136789442066
39.22,44.50625583056694
39.24,44.52900955558849
39.26,44.54988830344596
39.28,44.56848914686064
39.3,44.58453812278107
39.32,44.5984519489441
39.34,44.61012516320164
39.36,44.620225941099356
39.38,44.626649739666156
39.4,44.631945562698284
39.42,44.63508453932423
39.44,44.63589115322718
39.46,44.63448645118896
39.48,44.631983209633745
39.5,44.62799182405043
39.52,44.62138070330731
39.54,44.612714269571455
39.56,44.6026819268655
39.58,44.5906185921153
39.6,44.57712389710972
39.62,44.562269703090706
39.64,44.545326560385945
39.66,44.52728295593186
39.68,44.50747076388908
39.7,44.48652386594276
39.72,44.46444355896313
39.74,44.44065116989136
39.76,44.415070913408705
39.78,44.388485354460045
39.8,44.36103735811167
39.82,44.33158074524393
39.84,44.30177374864839
39.86,44.27078949454854
39.88,44.238772746565246
39.9,44.20606105252327
39.92,44.17166165504474
39.94,44.13637788943239
39.96,44.10117851377946
39.98,44.065101594940955
40.0,44.02841106397189
40.02,43.99187974504928
40.04,43.95439775641883
40.06,43.9175265606771
40.08,43.881292670931494
40.1,43.84475284014922
40.12,43.80768025998511
40.14,43.77245825324909
40.16,43.737800971551565
40.18,43.70323578433402
40.2,43.66950989170792
40.22,43.63658848515612
40.24,43.60455825699887
40.26,43.57380189395005
40.28,43.543423355895314
40.3,43.51351135315239
40.32,43.48492672034052
40.34,43.457737813762385
40.36,43.431469714612234
40.38,43.405863019495044
40.4,43.38137999049938
40.42,43.358387605197905
40.44,43.335818318931864
40.46,43.31405042373238
40.48,43.29321652102479
40.5,43.273389849371405
40.52,43.25442256523074
40.54,43.236916967638955
40.56,43.219080563176654
40.58,43.202947321267686
40.6,43.18754370907257
40.62,43.171514144646686
40.64,43.156876477479585
40.66,43.14195240919344
40.68,43.12818138166935
40.7,43.112735312479245
40.72,43.09847666535371
40.74,43.08453193186333
40.76,43.07030228275139
40.78,43.056454424685185
40.8,43.04261845064699
40.82,43.02787295793866
40.84,43.014043074037346
40.86,42.99907261371861
40.88,42.98479761817105
40.9,42.969902764518665
40.92,42.954175765097865
40.94,42.93831170966956
40.96,42.922098296765874
40.98,42.905066389368535
41.0,42.8873371725737
41.02,42.869813897347704
41.04,42.851380684304715
41.06,42.831764321214045
41.08,42.81210825564625
41.1,42.791343979306305
41.12,42.769446512059645
41.14,42.74698671394092
41.16,42.72295075685963
41.18,42.69730445536646
41.2,42.671299901406854
41.22,42.64426175891478
41.24,42.616817333882466
41.26,42.58791383161457
41.28,42.557700752165125
41.3,42.52743859196539
41.32,42.49651991423989
41.34,42.46457553020744
41.36,42.43198271104108
41.38,42.39932268673507
41.4,42.36553069694821
41.42,42.33171817897719
41.44,42.29781161801238
41.46,42.263415681409896
41.48,42.22862037548243
41.5,42.19420096526386
41.52,42.159916837360164
41.54,42.125219089053644
41.56,42.090593990310595
41.58,42.055677095878536
41.6,42.021417769799875
41.62,41.98719354968551
41.64,41.952844282170695
41.66,41.91903009332635
41.68,41.88589583453541
41.7,41.85248563111309
41.72,41.820069828051956
41.74,41.78810558807714
41.76,41.757542668682234
41.78,41.72785031238531
41.8,41.69888451160202
41.82,41.67142229062424
41.84,41.64578800549489
41.86,41.622181892144155
41.88,41.599386970905954
41.9,41.579573082285755
41.92,41.56092679398468
41.94,41.544815702762804
41.96,41.53028281304942
41.98,41.518326936629805
42.0,41.5087769045735
42.02,41.50136015812886
42.04,41.49700018174784
42.06,41.493942850562654
42.08,41.494474900078174
42.1,41.49673817707936
42.12,41.50146664178282
42.14,41.50867533733699
42.16,41.51876423483377
42.18,41.52952901996024
42.2,41.543049350102635
42.22,41.55817735712297
42.24,41.57507239777506
42.26,41.59282514995126
42.28,41.61210194869765
42.3,41.63246475180638
42.32,41.653864349907
42.34,41.67578781482939
42.36,41.69788990150647
42.38,41.72021842031363
42.4,41.7417478765014
42.42,41.76419366493182
42.44,41.786409420697595
42.46,41.808524605961246
42.48,41.82969606022361
42.5,41.851066044714415
42.52,41.87157602479366
42.54,41.89250365403174
42.56,41.912520061293485
42.58,41.932153478095195
42.6,41.952169994651435
42.62,41.97231260570504
42.64,41.99146102227519
42.66,42.01091912537702
42.68,42.03157898626084
42.7,42.05047704138769
42.72,42.06980576869404
42.74,42.08993592883963
42.76,42.10948338098359
42.78,42.129030199083495
42.8,42.14862232854692
42.82,42.1675908548303
42.84,42.186404572807014
42.86,42.20433037407515
42.88,42.222430422301834
42.9,42.23890984889853
42.92,42.25433835294447
42.94,42.268361521517804
42.96,42.28061610641526
42.98,42.29167109123547
43.0,42.300866896257766
43.02,42.30777732772163
43.04,42.31356895538251
43.06,42.316482644543235
43.08,42.31775767478519
43.1,42.31630003464148
43.12,42.31277432907085
43.14,42.30618231360451
43.16,42.2968476022018
43.18,42.28525808797832
43.2,42.270934378593296
43.22,42.25315693854009
43.24,42.233681799597804
43.26,42.21149495486972
43.28,42.18663298130156
43.3,42.1587433755298
43.32,42.12865708520464
43.34,42.0965994520549
43.36,42.06212998653729
43.38,42.02492645061287
43.4,41.98662182567241
43.42,41.945388294539306
43.44,41.90263057376714
43.46,41.858305726859015
43.48,41.81265386412235
43.5,41.7651943963344
43.52,41.71626866451931
43.54,41.666897902958496
43.56,41.61626943885232
43.58,41.56528357233375
43.6,41.51287965054788
43.62,41.45936807873034
43.64,41.40717224681509
43.66,41.35329811103712
43.68,41.29895886317962
43.7,41.244116183188645
43.72,41.188571004422016
43.74,41.13254332921853
43.76,41.07622808139082
43.78,41.01976364262345
43.8,40.96274311429538
43.82,40.90473953983084
43.84,40.84557205303902
43.86,40.78644371377182
43.88,40.726557868207195
43.9,40.66598953898557
43.92,40.604122811366175
43.94,40.542185082468364
43.96,40.479043875248486
43.98,40.41575348618979
44.0,40.35135035671073
44.02,40.28629111544785
44.04,40.22112655696836
44.06,40.15519332347365
44.08,40.08911565481652
44.1,40.02173614622035
44.12,39.95460008816198
44.14,39.8884246407902
44.16,39.82135489061471
44.18,39.75555262811023
44.2,39.68893063810129
44.22,39.622880522275096
44.24,39.558361018411254
44.26,39.49373622498542
44.28,39.43059419371715
44.3,39.36844229908513
44.32,39.307305608793406
44.34,39.24754894223404
44.36,39.18917569023059
44.38,39.13126798856707
44.4,39.07661311057806
44.42,39.021609599462195
44.44,38.96816964914793
44.46,38.91567487206578
44.48,38.86534895769878
44.5,38.81575926494423
44.52,38.76763772633774
44.54,38.72045050924474
44.56,38.67556556223192
44.58,38.63071048635923
44.6,38.58814674837345
44.62,38.54569909132945
44.64,38.50477674726835
44.66,38.464905653034826
44.68,38.42557957440523
44.7,38.3873832457236
44.72,38.350512679085085
44.74,38.3134974925211
44.76,38.277837611425376
44.78,38.24193653553062
44.8,38.20770901458364
44.82,38.173224625024304
44.84,38.138830037741776
44.86,38.105213466688646
44.88,38.07116224901511
44.9,38.03702233277283
44.92,38.00294433955877
44.94,37.96861943958362
44.96,37.93453757354894
44.98,37.899621402547666
45.0,37.862789827138
45.02,37.825906237304885
45.04,37.78913291287902
45.06,37.75059377174327
45.08,37.71186280276581
45.1,37.6728138716336
45.12,37.632535733697225
45.14,37.59158529518195
45.16,37.55050329535731
45.18,37.5091620751009
45.2,37.466566623192506
45.22,37.42355729802323
45.24,37.38088822371498
45.26,37.33775940352164
45.28,37.29368319250862
45.3,37.25033481647788
45.32,37.20592092301947
45.34,37.16239856970366
45.36,37.118459974845834
45.38,37.07423924821377
45.4,37.03023760921682
45.42,36.9868752851089
45.44,36.94274313303562
45.46,36.8998370418218
45.48,36.85737070327647
45.5,36.8157702273784
45.52,36.775546414018024
45.54,36.73532716166875
45.56,36.6974791536287
45.58,36.66029799418441
45.6,36.62444536979582
45.62,36.59007905494671
45.64,36.55814750493937
45.66,36.52829005865131
45.68,36.500221834081906
45.7,36.47612117687209
45.72,36.45405938385425
45.74,36.43453814674471
45.76,36.418819293899425
45.78,36.404670060535835
45.8,36.39472136165948
45.82,36.387646644656236
45.84,36.38468879606565
45.86,36.385817635528994
45.88,36.3898196178942
45.9,36.398104833120385
45.92,36.40974942440385
45.94,36.425108528541095
45.96,36.446125675187716
45.98,36.46957399037895
46.0,36.496403538110975
46.02,36.52721240675918
46.04,36.561591103229354
46.06,36.5983473354031
46.08,36.63916903589339
46.1,36.68192812189978
46.12,36.72764747003076
46.14,36.7756567512915
46.16,36.82549474449845
46.18,36.87666490155244
46.2,36.93029266530262
46.22,36.984944440435356
46.24,37.04121700868961
46.26,37.09845572055004
46.28,37.15533088934106
46.3,37.2137365470407
46.32,37.27182055247924
46.34,37.330497958110215
46.36,37.38879842326488
46.38,37.4469446698904
46.4,37.5056752857774
46.42,37.56400331309756
46.44,37.621368766934246
46.46,37.67874312895625
46.48,37.73537308331112
46.5,37.79228149754763
46.52,37.84766301889558
46.54,37.90299323701619
46.56,37.9568576359241
46.58,38.00982557620958
46.6,38.06223209440424
46.62,38.11384054681121
46.64,38.164271427480784
46.66,38.214512859938964
46.68,38.26365046544261
46.7,38.31257337584991
46.72,38.361177091633415
46.74,38.409853100139664
46.76,38.45708026898658
46.78,38.50416752187522
46.8,38.55163610941735
46.82,38.59848845814771
46.84,38.645606539552716
46.86,38.69256513723626
46.88,38.738945385717244
46.9,38.78621591173336
46.92,38.833477884078526
46.94,38.880100050130295
46.96,38.92751673170633
46.98,38.974975335542005
47.0,39.02293687828629
47.02,39.07172417274332
47.04,39.12020694495807
47.06,39.16921518742
47.08,39.21782749786344
47.1,39.267146986532154
47.12,39.316908695818
47.14,39.365795425413374
47.16,39.414991768764395
47.18,39.46358336924851
47.2,39.512186529235024
47.22,39.5597975492535
47.24,39.60649102353663
47.26,39.65297192772662
47.28,39.6977794043106
47.3,39.741032274749195
47.32,39.783534624254926
47.34,39.8241079932094
47.36,39.863114617813736
47.38,39.90084338160856
47.4,39.935734831609466
47.42,39.96944075306241
47.44,40.001215311950794
47.46,40.03098959705734
47.48,40.05886847261551
47.5,40.08626916937355
47.52,40.110989820042874
47.54,40.13391687896429
47.56,40.155664598209576
47.58,40.17700402615255
47.6,40.19674024969072
47.62,40.2156324889446
47.64,40.23472473405846
47.66,40.25318985175117
47.68,40.27109329121296
47.7,40.28895274475932
47.72,40.3069593262743
47.74,40.3249883119209
47.76,40.34238635836623
47.78,40.360115617946896
47.8,40.3784595978283
47.82,40.3960599495733
47.84,40.41445658021843
47.86,40.43267987288495
47.88,40.450356584921224
47.9,40.468243135701044
47.92,40.48611924702859
47.94,40.50428730219384
47.96,40.522370601658295
47.98,40.540360786594455
48.0,40.55784164270343
48.02,40.57481720775761
48.04,40.59213542774294
48.06,40.60924351064048
48.08,40.6257749064436
48.1,40.64195220018844
48.12,40.65770955822239
48.14,40.67380655466441
48.16,40.68876956510368
48.18,40.70462957093053
48.2,40.71937000031207
48.22,40.73445709725413
48.24,40.748949342619426
48.26,40.76463453768724
48.28,40.77865875974844
48.3,40.79318547422687
48.32,40.80742183923237
48.34,40.82199550172885
48.36,40.83628963039692
48.38,40.851208337229174
48.4,40.86545495634671
48.42,40.88029549568189
48.44,40.89543155717951
48.46,40.9106286671393
48.48,40.92579093320871
48.5,40.939802469740656
48.52,40.95462044500773
48.54,40.969505263639824
48.56,40.9831635534447
48.58,40.9979393174629
48.6,41.012048499153096
48.62,41.02539617677778
48.64,41.03973086217519
48.66,41.053238199858086
48.68,41.066112004353364
48.7,41.0789920934673
48.72,41.09146663951836
48.74,41.104256403461015
48.76,41.11673577798603
48.78,41.12836237340662
48.8,41.14027158990884
48.82,41.151800242427214
48.84,41.16330876187857
48.86,41.17458321548633
48.88,41.18576852465124
48.9,41.19706293758818
48.92,41.20895123095713
48.94,41.2201840611267
48.96,41.231810665643835
48.98,41.24342625309444
49.0,41.25574039549862
49.02,41.26711981207721
49.04,41.278713439785996
49.06,41.291300365318875
49.08,41.30316137296691
49.1,41.31556831210401
49.12,41.327870512724466
49.14,41.340457606907485
49.16,41.35293485400856
49.18,41.36613809701533
49.2,41.37796783932798
49.22,41.3915355789403
49.24,41.40543293875667
49.26,41.419343967358024
49.28,41.43322933193344
49.3,41.446661122985326
49.32,41.460893987397945
49.34,41.474335692354444
49.36,41.48889274324184
49.38,41.5018989026191
49.4,41.516068007344934
49.42,41.53002931410627
49.44,41.54194024918601
49.46,41.554232797369814
49.48,41.56546651037208
49.5,41.57578970491502
49.52,41.58482927831116
49.54,41.59212089615892
49.56,41.598778759435355
49.58,41.60381857895075
49.6,41.606539199217806
49.62,41.60773237101307
49.64,41.606933847147204
49.66,41.60336786142064
49.68,41.597461319736254
49.7,41.58921335833234
49.72,41.57904114731225
49.74,41.565449876343436
49.76,41.54972175674974
49.78,41.53100617100632
49.8,41.50929225693697
49.82,41.485540718480166
49.84,41.45870348009973
49.86,41.42957720662235
49.88,41.398467899610246
49.9,41.364006905492005
49.92,41.328980553909176
49.94,41.29240425652447
49.96,41.253990528627085
49.98,41.213576746007575
50.0,41.17328549130242
50.02,41.132568837320385
50.04,41.09126167183011
50.06,41.0506320105765
50.08,41.00975701721177
50.1,40.970009274468616
50.12,40.93222790430842
50.14,40.89476994592257
50.16,40.859213039638604
50.18,40.82594121291422
50.2,40.79415034988937
50.22,40.76407842211784
50.24,40.736001617672535
50.26,40.71031583280472
50.28,40.686815391278145
50.3,40.665350716364124
50.32,40.64607293513293
50.34,40.62860339239261
50.36,40.612562028767876
50.38,40.5988836330626
50.4,40.58672157233162
50.42,40.57633706142171
50.44,40.566563244430235
50.46,40.558154999798575
50.48,40.551211482231935
50.5,40.544987935213925
50.52,40.53897857681713
50.54,40.534865307101924
50.56,40.53008214277968
50.58,40.52640430026361
50.6,40.522327816718395
50.62,40.519188227088556
50.64,40.51581369919101
50.66,40.513487185888984
50.68,40.510021303299304
50.7,40.507240911610566
50.72,40.50396839826898
50.74,40.50138910179236
50.76,40.49845427014324
50.78,40.49528183978187
50.8,40.492053596768315
50.82,40.48835078497032
50.84,40.48623922219328
50.86,40.484094732494746
50.88,40.48297922901519
50.9,40.48103643926604
50.92,40.480869708105864
50.94,40.48083560250478
50.96,40.481966777495636
50.98,40.484970728427136
51.0,40.48671898225052
51.02,40.49090124430662
51.04,40.495739954605305
51.06,40.5013097600787
51.08,40.50809162631138
51.1,40.51576689357674
51.12,40.52406072122131
51.14,40.533104268277434
51.16,40.54274813169209
51.18,40.553322236198035
51.2,40.56440779129259
51.22,40.57564209646279
51.24,40.58791116224631
51.26,40.599891932182246
51.28,40.61357504855651
51.3,40.62747258180716
51.32,40.6414099292844
51.34,40.65531765032866
51.36,40.670072291634725
51.38,40.68555296301572
51.4,40.701587386660094
51.42,40.717357514700666
51.44,40.734134198193
51.46,40.751110076073886
51.48,40.768969692988435
51.5,40.7885217473354
51.52,40.80830248404127
51.54,40.82902545219653
51.56,40.85056971920859
51.58,40.87426455297728
51.6,40.89796307100777
51.62,40.92287543403688
51.64,40.949794623284106
51.66,40.978116156871785
51.68,41.00846343136164
51.7,41.04086711414373
51.72,41.07482269398783
51.74,41.11069600109205
51.76,41.14891978349068
51.78,41.18904656762679
51.8,41.23202627888816
51.82,41.27659716498301
51.84,41.3233429233691
51.86,41.37265288775275
51.88,41.42378220609933
51.9,41.476144840890726
51.92,41.53093154083384
51.94,41.58750343438241
51.96,41.64596002422614
51.98,41.705483734594324
52.0,41.76571594924812
52.02,41.82796168306391
52.04,41.89098112253103
52.06,41.95513141756507
52.08,42.019836522874186
52.1,42.084787794170865
52.12,42.15064902286667
52.14,42.21725220954085
52.16,42.284004527195286
52.18,42.35130632411625
52.2,42.41976710205855
52.22,42.48803380452131
52.24,42.55669313359282
52.26,42.626420133443006
52.28,42.696371822137095
52.3,42.76722136931461
52.32,42.837891094943394
52.34,42.908571552133964
52.36,42.98121704973354
52.38,43.05388315753895
52.4,43.126300910102614
52.42,43.199723465432555
52.44,43.273316220952736
52.46,43.34759102540506
52.48,43.42171058877073
52.5,43.49667753259234
52.52,43.57221048743079
52.54,43.64705890604246
52.56,43.72221044591591
52.58,43.797768924048476
52.6,43.8736867278327
52.62,43.94880773684709
52.64,44.02418884471221
52.66,44.10007674585272
52.68,44.174880404729656
52.7,44.24841048810322
52.72,44.32259216161138
52.74,44.395067117377835
52.76,44.46661484357177
52.78,44.53645934654068
52.8,44.60487177712101
52.82,44.67167980298681
52.84,44.735803491153916
52.86,44.79909046667638
52.88,44.86034176556659
52.9,44.918542038597955
52.92,44.97437736263778
52.94,45.0277753117924
52.96,45.07880437090421
52.98,45.12773971733401
53.0,45.17418066678995
53.02,45.21817421928545
53.04,45.26031104826917
53.06,45.30030874026453
53.08,45.33811005578636
53.1,45.37351701071107
53.12,45.40692212012714
53.14,45.43827077620045
53.16,45.46647018842423
53.18,45.49316292793719
53.2,45.51842668706431
53.22,45.54092444095916
53.24,45.56177922393998
53.26,45.57992299678159
53.28,45.59570207891043
53.3,45.610060529055566
53.32,45.62125915669342
53.34,45.63039649649289
53.36,45.63651172557949
53.38,45.64072363225611
53.4,45.64232726441993
53.42,45.64148905587642
53.44,45.638633340749436
53.46,45.633564311419214
53.48,45.6255914660509
53.5,45.615322114457314
53.52,45.60297629008608
53.54,45.588636359365346
53.56,45.572791175016306
53.58,45.55518105528708
53.6,45.535987789132804
53.62,45.514642643025624
53.64,45.492456473580575
53.66,45.46902704478732
53.68,45.44345171992371
53.7,45.41771311347542
53.72,45.3907895610198
53.74,45.363329276845235
53.76,45.33509012745528
53.78,45.30620817807977
53.8,45.276578366183244
53.82,45.24747759138382
53.84,45.21772748371063
53.86,45.18784201931409
53.88,45.15843005603962
53.9,45.128270757491656
53.92,45.09900292339883
53.94,45.0692248192757
53.96,45.04048160396194
53.98,45.01166694520413
54.0,44.98361673261545
54.02,44.955140523187545
54.04,44.92722467529933
54.06,44.900242726843956
54.08,44.87395386058575
54.1,44.84872351691098
54.12,44.822928791906214
54.14,44.79785298696328
54.16,44.773965859240505
54.18,44.749546271839606
54.2,44.72560858064138
54.22,44.70256077915963
54.24,44.680525806797554
54.26,44.658879529996334
54.28,44.63706101608679
54.3,44.61627917808477
54.32,44.595866498734786
54.34,44.57552547559234
54.36,44.55536805785529
54.38,44.53618846167346
54.4,44.51730960186113
54.42,44.49836673915025
54.44,44.48034395262332
54.46,44.461891958912496
54.48,44.44312846805097
54.5,44.424865691264536
54.52,44.40733378974657
54.54,44.389650361561635
54.56,44.372145608698595
54.58,44.35528033658598
54.6,44.33863002688914
54.62,44.32293698308982
54.64,44.307469690442076
54.66,44.292649823236836
54.68,44.2781033151668
54.7,44.265566076413236
54.72,44.25223742789813
54.74,44.23996858837835
54.76,44.22853236269682
54.78,44.21771902139598
54.8,44.20770128191999
54.82,44.1980283751141
54.84,44.19021557205264
54.86,44.18287248965302
54.88,44.17610973465752
54.9,44.17041922202987
54.92,44.16530758468428
54.94,44.160843984026535
54.96,44.15675036305882
54.98,44.153106103218754
55.0,44.15000334052773
55.02,44.14777284193668
55.04,44.14500543193158
55.06,44.14342724627272
55.08,44.1420547758889
55.1,44.14050286935406
55.12,44.141071045678935
55.14,44.14024208953285
55.16,44.141287140862154
55.18,44.14206364583488
55.2,44.14335352383692
55.22,44.145180592504815
55.24,44.14728047625123
55.26,44.14910541469678
55.28,44.15222019396076
55.3,44.15507810768643
55.32,44.15807199621023
55.34,44.16186291478724
55.36,44.16660203632786
55.38,44.17036477453312
55.4,44.1746509761593
55.42,44.17992073303103
55.44,44.1842844613167
55.46,44.189194582741465
55.48,44.19426882637451
55.5,44.19984560959591
55.52,44.204835810025024
55.54,44.20959097989482
55.56,44.215704273570964
55.58,44.22092160983069
55.6,44.22579430429642
55.62,44.23099036883045
55.64,44.23657052079245
55.66,44.24137640741102
55.68,44.24733761632537
55.7,44.25331290527884
55.72,44.25916739875117
55.74,44.265481261760954
55.76,44.27208348756169
55.78,44.27942314019119
55.8,44.28789470031499
55.82,44.29703803417607
55.84,44.3068832851205
55.86,44.31762902961025
55.88,44.3285877779347
55.9,44.3421069826547
55.92,44.35435589186224
55.94,44.36933386069818
55.96,44.38463315037523
55.98,44.40064564846637
56.0,44.41750773123092
56.02,44.43530011465698
56.04,44.45399646064656
56.06,44.47340082945013
56.08,44.49272514069082
56.1,44.512232852976396
56.12,44.53240050349631
56.14,44.55185892865887
56.16,44.57272525635538
56.18,44.593168378154495
56.2,44.61259926554603
56.22,44.63178466193259
56.24,44.65126698758747
56.26,44.66985453190357
56.28,44.68878262568617
56.3,44.705982602341194
56.32,44.72318631379237
56.34,44.73969557868393
56.36,44.75579081093458
56.38,44.772168035610136
56.4,44.787660913885055
56.42,44.802789535850806
56.44,44.81772896391165
56.46,44.831309394326404
56.48,44.844145217738685
56.5,44.857519816513246
56.52,44.8700352134749
56.54,44.88260423786335
56.56,44.89347126157654
56.58,44.90425942326432
56.6,44.914859900137536
56.62,44.925392416670334
56.64,44.93544926310732
56.66,44.945304006567866
56.68,44.95490933700616
56.7,44.96431402979221
56.72,44.97299470613071
56.74,44.98272327182895
56.76,44.992919649953926
56.78,45.001909866044066
56.8,45.01228954597316
56.82,45.022027691854646
56.84,45.03240532171571
56.86,45.04354728733086
56.88,45.05529093666627
56.9,45.06662478468403
56.92,45.07983020269173
56.94,45.09249822491116
56.96,45.105766553296036
56.98,45.11993652125852
57.0,45.13474029209814
57.02,45.14987458189629
57.04,45.16629076510794
57.06,45.18398691126929
57.08,45.20165788312227
57.1,45.22046461210924
57.12,45.239278279364534
57.14,45.25938756246048
57.16,45.27970942835874
57.18,45.30091333150816
57.2,45.32253893463136
57.22,45.34571783245393
57.24,45.36880386588812
57.26,45.39273707026302
57.28,45.41699059387386
57.3,45.44217856631418
57.32,45.46721931282032
57.34,45.493049575826056
57.36,45.52035837113135
57.38,45.54713387814846
57.4,45.57505810051087
57.42,45.6032088233073
57.44,45.631559876338386
57.46,45.65991898586822
57.48,45.68862598687172
57.5,45.718482882905775
57.52,45.748859651739835
57.54,45.77900899128038
57.56,45.80989061619733
57.58,45.841764434454525
57.6,45.872305172688655
57.62,45.90454554039843
57.64,45.93568598378278
57.66,45.96694894188002
57.68,45.99871600104765
57.7,46.02965943457611
57.72,46.05938622650224
57.74,46.08834245901314
57.76,46.116462350508
57.78,46.14288352318919
57.8,46.16833661659902
57.82,46.192705139376045
57.84,46.2134648068343
57.86,46.23342780644162
57.88,46.25126725660946
57.9,46.266590409070865
57.92,46.27868791940763
57.94,46.28841871615602
57.96,46.29572993385809
57.98,46.30067636457883
58.0,46.30268751511278
58.02,46.303034270511986
58.04,46.30044818004514
58.06,46.29510003605815
58.08,46.287747392633875
58.1,46.27689040103911
58.12,46.264979711111174
58.14,46.25020319232143
58.16,46.23355359977674
58.18,46.215160000976695
58.2,46.1946540342304
58.22,46.17296601766124
58.24,46.150330776869446
58.26,46.12573418084726
58.28,46.10044581994905
58.3,46.07377244825392
58.32,46.04648811205218
58.34,46.018766608777554
58.36,45.990025361361916
58.38,45.96036911493273
58.4,45.93064650498123
58.42,45.900954355006604
58.44,45.87184743367767
58.46,45.842475784639745
58.48,45.81425762195402
58.5,45.786201639963465
58.52,45.75860406327129
58.54,45.731871772210994
58.56,45.707211379880555
58.58,45.682846894880875
58.6,45.65995562202382
58.62,45.63851907585327
58.64,45.61882270534385
58.66,45.600597995879895
58.68,45.58356627121473
58.7,45.568936098753426
58.72,45.555802058688016
58.74,45.54404192840685
58.76,45.534123077872884
58.78,45.52578178843701
58.8,45.51907489465426
58.82,45.51413689992937
58.84,45.50982517937895
58.86,45.50699412046096
58.88,45.50579425955112
58.9,45.50552143596055
58.92,45.50736885694834
58.94,45.508445212947784
58.96,45.51178450877799
58.98,45.515370264116186
59.0,45.520263026608966
59.02,45.525978494045106
59.04,45.53284412860863
59.06,45.53988417780692
59.08,45.54802252477939
59.1,45.55593323969394
59.12,45.56511831200432
59.14,45.57531871163985
59.16,45.58498300812493
59.18,45.59521826753896
59.2,45.60572324552669
59.22,45.61645198314883
59.24,45.62776669628266
59.26,45.63808397508638
59.28,45.64807631523241
59.3,45.657966487819
59.32,45.667356777332934
59.34,45.67618386241472
59.36,45.68426286287346
59.38,45.69226051006897
59.4,45.699814283837036
59.42,45.70587839535403
59.44,45.710942079424946
59.46,45.71508269354432
59.48,45.719118706859284
59.5,45.72114042201119
59.52,45.722819369328015
59.54,45.7237109220255
59.56,45.72403826513073
59.58,45.72263165252116
59.6,45.721084552299295
59.62,45.71823390031053
59.64,45.71449812288787
59.66,45.71003141882719
59.68,45.70554844855569
59.7,45.69970113338758
59.72,45.6943934664733
59.74,45.68830538359373
59.76,45.68192121136518
59.78,45.675693904223245
59.8,45.66932807110627
59.82,45.66276326729383
59.84,45.65714902824644
59.86,45.65101676232396
59.88,45.645158534726185
59.9,45.64007193258143
59.92,45.6354824775207
59.94,45.63093511984467
59.96,45.626114956794744
59.98,45.622687880023456
60.0,45.619458617632354
