x,y,filename,frame,particle
516.5,493.5,55191,0,0
514.5,492.5,55192,1,0
517.5,489.5,55193,2,0
518.5,492.5,55194,3,0
515.5,491.5,55195,4,0
518.5,493.5,55196,5,0
518.5,492.5,55197,6,0
516.5,492.5,55198,7,0
517.5,492.5,55199,8,0
517.5,492.5,55200,9,0
514.5,491.5,55201,10,0
516.5,492.5,55202,11,0
515.5,492.5,55203,12,0
515.5,491.5,55204,13,0
516.5,491.5,55205,14,0
516.5,492.5,55206,15,0
516.5,492.5,55207,16,0
514.5,492.5,55208,17,0
517.5,492.5,55209,18,0
517.5,492.5,55210,19,0
516.5,492.5,55211,20,0
515.5,491.5,55212,21,0
517.5,493.5,55213,22,0
517.5,494.5,55214,23,0
515.5,493.5,55215,24,0
518.5,493.5,55216,25,0
517.5,494.5,55217,26,0
518.5,493.5,55218,27,0
517.5,494.5,55219,28,0
517.5,494.5,55220,29,0
518.5,494.5,55221,30,0
517.5,495.5,55222,31,0
520.5,495.5,55223,32,0
519.5,494.5,55224,33,0
520.5,495.5,55225,34,0
520.5,494.5,55226,35,0
519.5,494.5,55227,36,0
520.5,496.5,55228,37,0
521.5,496.5,55229,38,0
521.5,496.5,55230,39,0
521.5,497.5,55231,40,0
521.5,497.5,55232,41,0
520.5,497.5,55233,42,0
519.5,499.5,55234,43,0
520.5,497.5,55235,44,0
518.5,498.5,55236,45,0
520.5,498.5,55237,46,0
520.5,498.5,55238,47,0
521.5,497.5,55239,48,0
518.5,497.5,55240,49,0
521.5,498.5,55241,50,0
518.5,497.5,55242,51,0
520.5,497.5,55243,52,0
520.5,496.5,55244,53,0
518.5,496.5,55245,54,0
520.5,496.5,55246,55,0
519.5,497.5,55247,56,0
520.5,497.5,55248,57,0
518.5,496.5,55249,58,0
520.5,497.5,55250,59,0
522.5,498.5,55251,60,0
520.5,497.5,55252,61,0
518.5,500.5,55253,62,0
520.5,498.5,55254,63,0
518.5,497.5,55255,64,0
520.5,498.5,55256,65,0
519.5,500.5,55257,66,0
517.5,498.5,55258,67,0
520.5,498.5,55259,68,0
518.5,498.5,55260,69,0
518.5,500.5,55261,70,0
518.5,497.5,55262,71,0
519.5,499.5,55263,72,0
518.5,498.5,55264,73,0
519.5,499.5,55265,74,0
516.5,498.5,55266,75,0
517.5,500.5,55267,76,0
518.5,498.5,55268,77,0
519.5,497.5,55269,78,0
518.5,497.5,55270,79,0
519.5,498.5,55271,80,0
518.5,498.5,55272,81,0
519.5,498.5,55273,82,0
517.5,497.5,55274,83,0
518.5,497.5,55275,84,0
519.5,497.5,55276,85,0
518.5,499.5,55277,86,0
517.5,498.5,55278,87,0
518.5,498.5,55279,88,0
518.5,497.5,55280,89,0
518.5,498.5,55281,90,0
518.5,499.5,55282,91,0
513.5,495.5,55283,92,0
518.5,498.5,55284,93,0
518.5,497.5,55285,94,0
518.5,499.5,55286,95,0
517.5,499.5,55287,96,0
515.5,497.5,55288,97,0
516.5,499.5,55289,98,0
517.5,498.5,55290,99,0
517.5,498.5,55291,100,0
516.5,499.5,55292,101,0
516.5,499.5,55293,102,0
514.5,499.5,55294,103,0
514.5,498.5,55295,104,0
516.5,499.5,55296,105,0
515.5,500.5,55297,106,0
516.5,500.5,55298,107,0
513.5,500.5,55299,108,0
509.5,500.5,55300,109,0
516.5,500.5,55301,110,0
515.5,501.5,55302,111,0
515.5,500.5,55303,112,0
515.5,500.5,55304,113,0
516.5,500.5,55305,114,0
515.5,501.5,55306,115,0
516.5,501.5,55307,116,0
514.5,501.5,55308,117,0
516.5,501.5,55309,118,0
516.5,501.5,55310,119,0
515.5,500.5,55311,120,0
515.5,501.5,55312,121,0
515.5,502.5,55313,122,0
510.5,499.5,55314,123,0
515.5,501.5,55315,124,0
516.5,503.5,55316,125,0
517.5,502.5,55317,126,0
515.5,501.5,55318,127,0
517.5,503.5,55319,128,0
517.5,504.5,55320,129,0
517.5,502.5,55321,130,0
517.5,504.5,55322,131,0
518.5,503.5,55323,132,0
516.5,503.5,55324,133,0
518.5,503.5,55325,134,0
517.5,504.5,55326,135,0
515.5,504.5,55327,136,0
515.5,503.5,55328,137,0
517.5,504.5,55329,138,0
515.5,505.5,55330,139,0
517.5,506.5,55331,140,0
515.5,504.5,55332,141,0
517.5,505.5,55333,142,0
517.5,504.5,55334,143,0
515.5,504.5,55335,144,0
516.5,505.5,55336,145,0
516.5,506.5,55337,146,0
515.5,504.5,55338,147,0
517.5,505.5,55339,148,0
517.5,506.5,55340,149,0
516.5,506.5,55341,150,0
516.5,506.5,55342,151,0
516.5,505.5,55343,152,0
516.5,506.5,55344,153,0
515.5,505.5,55345,154,0
514.5,505.5,55346,155,0
513.5,505.5,55347,156,0
514.5,506.5,55348,157,0
515.5,506.5,55349,158,0
516.5,503.5,55350,159,0
516.5,506.5,55351,160,0
514.5,506.5,55352,161,0
516.5,504.5,55353,162,0
516.5,505.5,55354,163,0
517.5,506.5,55355,164,0
516.5,505.5,55356,165,0
515.5,506.5,55357,166,0
516.5,506.5,55358,167,0
516.5,506.5,55359,168,0
516.5,506.5,55360,169,0
516.5,506.5,55361,170,0
516.5,506.5,55362,171,0
515.5,507.5,55363,172,0
516.5,507.5,55364,173,0
514.5,506.5,55365,174,0
512.5,506.5,55366,175,0
513.5,507.5,55367,176,0
515.5,507.5,55368,177,0
515.5,507.5,55369,178,0
514.5,507.5,55370,179,0
514.5,506.5,55371,180,0
513.5,506.5,55372,181,0
515.5,506.5,55373,182,0
512.5,507.5,55374,183,0
515.5,506.5,55375,184,0
514.5,507.5,55376,185,0
514.5,506.5,55377,186,0
511.5,508.5,55378,187,0
511.5,508.5,55379,188,0
513.5,506.5,55380,189,0
512.5,507.5,55381,190,0
511.5,509.5,55382,191,0
511.5,508.5,55383,192,0
511.5,509.5,55384,193,0
511.5,508.5,55385,194,0
511.5,509.5,55386,195,0
508.5,509.5,55387,196,0
508.5,510.5,55388,197,0
510.5,509.5,55389,198,0
510.5,509.5,55390,199,0
509.5,510.5,55391,200,0
509.5,510.5,55392,201,0
506.5,515.5,55393,202,0
509.5,510.5,55394,203,0
510.5,510.5,55395,204,0
509.5,511.5,55396,205,0
508.5,511.5,55397,206,0
507.5,510.5,55398,207,0
507.5,511.5,55399,208,0
508.5,509.5,55400,209,0
507.5,511.5,55401,210,0
509.5,511.5,55402,211,0
508.5,512.5,55403,212,0
508.5,512.5,55404,213,0
512.5,513.5,55405,214,0
508.5,513.5,55406,215,0
511.5,513.5,55407,216,0
511.5,513.5,55408,217,0
510.5,512.5,55409,218,0
510.5,512.5,55410,219,0
511.5,513.5,55411,220,0
511.5,512.5,55412,221,0
511.5,513.5,55413,222,0
510.5,515.5,55414,223,0
509.5,514.5,55415,224,0
510.5,513.5,55416,225,0
511.5,512.5,55417,226,0
511.5,513.5,55418,227,0
511.5,512.5,55419,228,0
506.5,517.5,55420,229,0
510.5,513.5,55421,230,0
511.5,513.5,55422,231,0
509.5,512.5,55423,232,0
508.5,512.5,55424,233,0
510.5,513.5,55425,234,0
512.5,512.5,55426,235,0
510.5,512.5,55427,236,0
508.5,515.5,55428,237,0
509.5,512.5,55429,238,0
509.5,515.5,55430,239,0
508.5,516.5,55431,240,0
509.5,514.5,55432,241,0
508.5,516.5,55433,242,0
508.5,513.5,55434,243,0
507.5,513.5,55435,244,0
507.5,514.5,55436,245,0
502.5,516.5,55437,246,0
510.5,514.5,55438,247,0
504.5,520.5,55439,248,0
510.5,516.5,55440,249,0
507.5,516.5,55441,250,0
507.5,517.5,55442,251,0
508.5,517.5,55443,252,0
508.5,517.5,55444,253,0
507.5,518.5,55445,254,0
501.5,522.5,55446,255,0
508.5,518.5,55447,256,0
507.5,521.5,55448,257,0
506.5,518.5,55449,258,0
508.5,519.5,55450,259,0
508.5,519.5,55451,260,0
507.5,520.5,55452,261,0
508.5,519.5,55453,262,0
510.5,518.5,55454,263,0
507.5,518.5,55455,264,0
507.5,519.5,55456,265,0
506.5,518.5,55457,266,0
505.5,518.5,55458,267,0
503.5,523.5,55459,268,0
508.5,518.5,55460,269,0
503.5,523.5,55461,270,0
507.5,519.5,55462,271,0
507.5,518.5,55463,272,0
508.5,519.5,55464,273,0
505.5,519.5,55465,274,0
507.5,519.5,55466,275,0
506.5,519.5,55467,276,0
506.5,518.5,55468,277,0
506.5,518.5,55469,278,0
504.5,518.5,55470,279,0
506.5,520.5,55471,280,0
508.5,518.5,55472,281,0
507.5,519.5,55473,282,0
507.5,520.5,55474,283,0
506.5,520.5,55475,284,0
506.5,519.5,55476,285,0
506.5,519.5,55477,286,0
504.5,522.5,55478,287,0
505.5,520.5,55479,288,0
503.5,520.5,55480,289,0
505.5,521.5,55481,290,0
504.5,521.5,55482,291,0
505.5,520.5,55483,292,0
506.5,521.5,55484,293,0
505.5,521.5,55485,294,0
506.5,521.5,55486,295,0
506.5,520.5,55487,296,0
504.5,522.5,55488,297,0
503.5,520.5,55489,298,0
504.5,521.5,55490,299,0
503.5,522.5,55491,300,0
503.5,520.5,55492,301,0
504.5,521.5,55493,302,0
503.5,520.5,55494,303,0
504.5,523.5,55495,304,0
505.5,522.5,55496,305,0
503.5,520.5,55497,306,0
505.5,522.5,55498,307,0
504.5,521.5,55499,308,0
505.5,522.5,55500,309,0
505.5,522.5,55501,310,0
505.5,522.5,55502,311,0
505.5,522.5,55503,312,0
506.5,522.5,55504,313,0
505.5,524.5,55505,314,0
504.5,521.5,55506,315,0
505.5,523.5,55507,316,0
504.5,521.5,55508,317,0
505.5,522.5,55509,318,0
503.5,523.5,55510,319,0
506.5,523.5,55511,320,0
506.5,523.5,55512,321,0
505.5,522.5,55513,322,0
503.5,523.5,55514,323,0
505.5,522.5,55515,324,0
503.5,522.5,55516,325,0
505.5,522.5,55517,326,0
505.5,523.5,55518,327,0
505.5,523.5,55519,328,0
503.5,523.5,55520,329,0
506.5,523.5,55521,330,0
505.5,524.5,55522,331,0
505.5,523.5,55523,332,0
505.5,524.5,55524,333,0
504.5,522.5,55525,334,0
505.5,524.5,55526,335,0
503.5,522.5,55527,336,0
505.5,524.5,55528,337,0
503.5,523.5,55529,338,0
505.5,523.5,55530,339,0
504.5,523.5,55531,340,0
504.5,524.5,55532,341,0
505.5,524.5,55533,342,0
504.5,524.5,55534,343,0
505.5,524.5,55535,344,0
504.5,527.5,55536,345,0
503.5,525.5,55537,346,0
504.5,527.5,55538,347,0
504.5,526.5,55539,348,0
505.5,525.5,55540,349,0
503.5,526.5,55541,350,0
506.5,525.5,55542,351,0
506.5,525.5,55543,352,0
505.5,525.5,55544,353,0
504.5,525.5,55545,354,0
504.5,527.5,55546,355,0
503.5,528.5,55547,356,0
505.5,526.5,55548,357,0
504.5,525.5,55549,358,0
506.5,526.5,55550,359,0
504.5,528.5,55551,360,0
505.5,526.5,55552,361,0
506.5,527.5,55553,362,0
505.5,527.5,55554,363,0
504.5,526.5,55555,364,0
505.5,527.5,55556,365,0
504.5,529.5,55557,366,0
505.5,527.5,55558,367,0
504.5,527.5,55559,368,0
505.5,529.5,55560,369,0
505.5,528.5,55561,370,0
505.5,528.5,55562,371,0
505.5,529.5,55563,372,0
506.5,527.5,55564,373,0
505.5,527.5,55565,374,0
505.5,528.5,55566,375,0
504.5,528.5,55567,376,0
506.5,528.5,55568,377,0
507.5,528.5,55569,378,0
507.5,528.5,55570,379,0
506.5,530.5,55571,380,0
507.5,528.5,55572,381,0
506.5,529.5,55573,382,0
506.5,526.5,55574,383,0
509.5,529.5,55575,384,0
507.5,528.5,55576,385,0
505.5,529.5,55577,386,0
508.5,530.5,55578,387,0
507.5,530.5,55579,388,0
508.5,529.5,55580,389,0
507.5,530.5,55581,390,0
509.5,529.5,55582,391,0
509.5,529.5,55583,392,0
509.5,530.5,55584,393,0
507.5,529.5,55585,394,0
508.5,530.5,55586,395,0
512.5,530.5,55587,396,0
510.5,530.5,55588,397,0
509.5,530.5,55589,398,0
510.5,531.5,55590,399,0
509.5,529.5,55591,400,0
507.5,531.5,55592,401,0
508.5,532.5,55593,402,0
510.5,530.5,55594,403,0
516.5,532.5,55595,404,0
508.5,531.5,55596,405,0
510.5,531.5,55597,406,0
509.5,531.5,55598,407,0
510.5,533.5,55599,408,0
507.5,532.5,55600,409,0
512.5,530.5,55601,410,0
510.5,532.5,55602,411,0
511.5,532.5,55603,412,0
511.5,531.5,55604,413,0
508.5,531.5,55605,414,0
511.5,531.5,55606,415,0
511.5,531.5,55607,416,0
512.5,532.5,55608,417,0
512.5,531.5,55609,418,0
510.5,531.5,55610,419,0
512.5,532.5,55611,420,0
512.5,531.5,55612,421,0
512.5,531.5,55613,422,0
512.5,533.5,55614,423,0
513.5,532.5,55615,424,0
513.5,531.5,55616,425,0
513.5,532.5,55617,426,0
511.5,531.5,55618,427,0
510.5,531.5,55619,428,0
513.5,531.5,55620,429,0
514.5,531.5,55621,430,0
511.5,532.5,55622,431,0
510.5,531.5,55623,432,0
512.5,532.5,55624,433,0
513.5,530.5,55625,434,0
513.5,532.5,55626,435,0
518.5,530.5,55627,436,0
512.5,531.5,55628,437,0
514.5,529.5,55629,438,0
514.5,530.5,55630,439,0
514.5,528.5,55631,440,0
515.5,530.5,55632,441,0
514.5,530.5,55633,442,0
513.5,530.5,55634,443,0
514.5,529.5,55635,444,0
514.5,532.5,55636,445,0
514.5,527.5,55637,446,0
514.5,529.5,55638,447,0
515.5,529.5,55639,448,0
514.5,528.5,55640,449,0
512.5,527.5,55641,450,0
514.5,529.5,55642,451,0
514.5,526.5,55643,452,0
514.5,526.5,55644,453,0
515.5,529.5,55645,454,0
514.5,528.5,55646,455,0
514.5,531.5,55647,456,0
516.5,529.5,55648,457,0
513.5,527.5,55649,458,0
514.5,529.5,55650,459,0
511.5,523.5,55651,460,0
514.5,528.5,55652,461,0
511.5,528.5,55653,462,0
514.5,528.5,55654,463,0
516.5,528.5,55655,464,0
515.5,528.5,55656,465,0
514.5,528.5,55657,466,0
514.5,527.5,55658,467,0
513.5,530.5,55659,468,0
512.5,529.5,55660,469,0
514.5,527.5,55661,470,0
513.5,527.5,55662,471,0
514.5,528.5,55663,472,0
513.5,527.5,55664,473,0
511.5,527.5,55665,474,0
513.5,527.5,55666,475,0
512.5,528.5,55667,476,0
513.5,526.5,55668,477,0
512.5,525.5,55669,478,0
510.5,527.5,55670,479,0
513.5,527.5,55671,480,0
513.5,527.5,55672,481,0
515.5,526.5,55673,482,0
513.5,527.5,55674,483,0
513.5,526.5,55675,484,0
513.5,526.5,55676,485,0
511.5,526.5,55677,486,0
507.5,528.5,55678,487,0
512.5,525.5,55679,488,0
513.5,526.5,55680,489,0
512.5,525.5,55681,490,0
512.5,525.5,55682,491,0
511.5,524.5,55683,492,0
511.5,524.5,55684,493,0
512.5,523.5,55685,494,0
511.5,526.5,55686,495,0
511.5,524.5,55687,496,0
512.5,525.5,55688,497,0
511.5,527.5,55689,498,0
511.5,525.5,55690,499,0
510.5,526.5,55691,500,0
512.5,522.5,55692,501,0
511.5,526.5,55693,502,0
510.5,522.5,55694,503,0
509.5,525.5,55695,504,0
511.5,524.5,55696,505,0
509.5,525.5,55697,506,0
510.5,523.5,55698,507,0
506.5,516.5,55699,508,0
511.5,523.5,55700,509,0
509.5,524.5,55701,510,0
510.5,522.5,55702,511,0
509.5,523.5,55703,512,0
510.5,523.5,55704,513,0
509.5,523.5,55705,514,0
507.5,524.5,55706,515,0
509.5,521.5,55707,516,0
512.5,523.5,55708,517,0
508.5,521.5,55709,518,0
509.5,523.5,55710,519,0
510.5,523.5,55711,520,0
510.5,523.5,55712,521,0
507.5,522.5,55713,522,0
509.5,522.5,55714,523,0
509.5,524.5,55715,524,0
510.5,523.5,55716,525,0
510.5,522.5,55717,526,0
509.5,522.5,55718,527,0
508.5,524.5,55719,528,0
510.5,522.5,55720,529,0
510.5,525.5,55721,530,0
510.5,522.5,55722,531,0
509.5,522.5,55723,532,0
510.5,521.5,55724,533,0
511.5,519.5,55725,534,0
510.5,521.5,55726,535,0
511.5,519.5,55727,536,0
509.5,521.5,55728,537,0
508.5,519.5,55729,538,0
510.5,521.5,55730,539,0
510.5,521.5,55731,540,0
511.5,520.5,55732,541,0
510.5,518.5,55733,542,0
510.5,518.5,55734,543,0
510.5,520.5,55735,544,0
510.5,522.5,55736,545,0
510.5,521.5,55737,546,0
510.5,520.5,55738,547,0
509.5,519.5,55739,548,0
509.5,522.5,55740,549,0
508.5,526.5,55741,550,0
509.5,522.5,55742,551,0
510.5,520.5,55743,552,0
511.5,520.5,55744,553,0
511.5,521.5,55745,554,0
511.5,520.5,55746,555,0
510.5,520.5,55747,556,0
509.5,521.5,55748,557,0
510.5,520.5,55749,558,0
510.5,520.5,55750,559,0
510.5,518.5,55751,560,0
510.5,521.5,55752,561,0
510.5,521.5,55753,562,0
510.5,522.5,55754,563,0
510.5,521.5,55755,564,0
509.5,523.5,55756,565,0
508.5,522.5,55757,566,0
509.5,520.5,55758,567,0
510.5,520.5,55759,568,0
509.5,523.5,55760,569,0
508.5,526.5,55761,570,0
510.5,520.5,55762,571,0
508.5,523.5,55763,572,0
509.5,523.5,55764,573,0
509.5,521.5,55765,574,0
509.5,521.5,55766,575,0
510.5,521.5,55767,576,0
509.5,520.5,55768,577,0
509.5,522.5,55769,578,0
506.5,522.5,55770,579,0
509.5,523.5,55771,580,0
508.5,522.5,55772,581,0
508.5,522.5,55773,582,0
509.5,521.5,55774,583,0
509.5,523.5,55775,584,0
507.5,520.5,55776,585,0
508.5,520.5,55777,586,0
506.5,521.5,55778,587,0
509.5,523.5,55779,588,0
509.5,523.5,55780,589,0
509.5,522.5,55781,590,0
508.5,525.5,55782,591,0
508.5,525.5,55783,592,0
506.5,523.5,55784,593,0
509.5,525.5,55785,594,0
508.5,523.5,55786,595,0
507.5,524.5,55787,596,0
509.5,524.5,55788,597,0
508.5,523.5,55789,598,0
507.5,525.5,55790,599,0
508.5,525.5,55791,600,0
507.5,525.5,55792,601,0
508.5,525.5,55793,602,0
508.5,525.5,55794,603,0
506.5,524.5,55795,604,0
508.5,527.5,55796,605,0
506.5,526.5,55797,606,0
508.5,527.5,55798,607,0
507.5,528.5,55799,608,0
510.5,528.5,55800,609,0
508.5,528.5,55801,610,0
507.5,529.5,55802,611,0
507.5,531.5,55803,612,0
506.5,528.5,55804,613,0
508.5,530.5,55805,614,0
508.5,532.5,55806,615,0
509.5,530.5,55807,616,0
510.5,533.5,55808,617,0
508.5,532.5,55809,618,0
509.5,531.5,55810,619,0
507.5,532.5,55811,620,0
510.5,532.5,55812,621,0
509.5,531.5,55813,622,0
510.5,532.5,55814,623,0
509.5,533.5,55815,624,0
509.5,533.5,55816,625,0
508.5,531.5,55817,626,0
510.5,533.5,55818,627,0
510.5,534.5,55819,628,0
509.5,534.5,55820,629,0
508.5,532.5,55821,630,0
509.5,532.5,55822,631,0
511.5,533.5,55823,632,0
508.5,533.5,55824,633,0
509.5,534.5,55825,634,0
509.5,534.5,55826,635,0
510.5,536.5,55827,636,0
511.5,533.5,55828,637,0
511.5,534.5,55829,638,0
511.5,534.5,55830,639,0
512.5,533.5,55831,640,0
510.5,533.5,55832,641,0
510.5,533.5,55833,642,0
511.5,535.5,55834,643,0
516.5,533.5,55835,644,0
511.5,532.5,55836,645,0
513.5,534.5,55837,646,0
512.5,533.5,55838,647,0
513.5,534.5,55839,648,0
512.5,531.5,55840,649,0
514.5,532.5,55841,650,0
513.5,533.5,55842,651,0
515.5,533.5,55843,652,0
514.5,532.5,55844,653,0
513.5,530.5,55845,654,0
515.5,533.5,55846,655,0
513.5,534.5,55847,656,0
513.5,532.5,55848,657,0
514.5,533.5,55849,658,0
514.5,529.5,55850,659,0
513.5,531.5,55851,660,0
514.5,529.5,55852,661,0
514.5,531.5,55853,662,0
513.5,532.5,55854,663,0
512.5,529.5,55855,664,0
514.5,531.5,55856,665,0
515.5,530.5,55857,666,0
513.5,529.5,55858,667,0
513.5,532.5,55859,668,0
513.5,532.5,55860,669,0
514.5,530.5,55861,670,0
516.5,529.5,55862,671,0
515.5,530.5,55863,672,0
514.5,531.5,55864,673,0
514.5,530.5,55865,674,0
515.5,530.5,55866,675,0
513.5,530.5,55867,676,0
513.5,530.5,55868,677,0
515.5,530.5,55869,678,0
516.5,530.5,55870,679,0
515.5,529.5,55871,680,0
513.5,529.5,55872,681,0
513.5,530.5,55873,682,0
514.5,531.5,55874,683,0
515.5,529.5,55875,684,0
515.5,530.5,55876,685,0
513.5,527.5,55877,686,0
514.5,528.5,55878,687,0
518.5,528.5,55879,688,0
514.5,528.5,55880,689,0
516.5,528.5,55881,690,0
514.5,528.5,55882,691,0
514.5,528.5,55883,692,0
514.5,527.5,55884,693,0
518.5,528.5,55885,694,0
514.5,527.5,55886,695,0
513.5,528.5,55887,696,0
512.5,526.5,55888,697,0
511.5,526.5,55889,698,0
513.5,527.5,55890,699,0
512.5,527.5,55891,700,0
510.5,526.5,55892,701,0
513.5,527.5,55893,702,0
512.5,527.5,55894,703,0
511.5,527.5,55895,704,0
513.5,526.5,55896,705,0
510.5,525.5,55897,706,0
512.5,526.5,55898,707,0
511.5,524.5,55899,708,0
512.5,525.5,55900,709,0
509.5,525.5,55901,710,0
509.5,524.5,55902,711,0
510.5,524.5,55903,712,0
509.5,524.5,55904,713,0
511.5,524.5,55905,714,0
510.5,522.5,55906,715,0
512.5,523.5,55907,716,0
509.5,523.5,55908,717,0
510.5,523.5,55909,718,0
509.5,526.5,55910,719,0
508.5,522.5,55911,720,0
509.5,524.5,55912,721,0
507.5,525.5,55913,722,0
509.5,525.5,55914,723,0
508.5,526.5,55915,724,0
509.5,524.5,55916,725,0
508.5,527.5,55917,726,0
508.5,525.5,55918,727,0
506.5,524.5,55919,728,0
508.5,525.5,55920,729,0
506.5,523.5,55921,730,0
505.5,523.5,55922,731,0
506.5,526.5,55923,732,0
507.5,524.5,55924,733,0
506.5,524.5,55925,734,0
503.5,524.5,55926,735,0
504.5,524.5,55927,736,0
505.5,524.5,55928,737,0
506.5,523.5,55929,738,0
504.5,524.5,55930,739,0
504.5,524.5,55931,740,0
506.5,523.5,55932,741,0
506.5,526.5,55933,742,0
506.5,524.5,55934,743,0
504.5,524.5,55935,744,0
506.5,525.5,55936,745,0
504.5,523.5,55937,746,0
505.5,524.5,55938,747,0
507.5,523.5,55939,748,0
507.5,523.5,55940,749,0
504.5,522.5,55941,750,0
504.5,523.5,55942,751,0
505.5,523.5,55943,752,0
506.5,523.5,55944,753,0
507.5,523.5,55945,754,0
506.5,525.5,55946,755,0
506.5,523.5,55947,756,0
504.5,522.5,55948,757,0
505.5,525.5,55949,758,0
504.5,524.5,55950,759,0
506.5,523.5,55951,760,0
505.5,524.5,55952,761,0
504.5,525.5,55953,762,0
505.5,523.5,55954,763,0
505.5,522.5,55955,764,0
506.5,524.5,55956,765,0
507.5,523.5,55957,766,0
505.5,525.5,55958,767,0
504.5,523.5,55959,768,0
503.5,525.5,55960,769,0
503.5,525.5,55961,770,0
505.5,525.5,55962,771,0
505.5,525.5,55963,772,0
504.5,525.5,55964,773,0
504.5,523.5,55965,774,0
505.5,525.5,55966,775,0
505.5,527.5,55967,776,0
505.5,524.5,55968,777,0
503.5,524.5,55969,778,0
505.5,526.5,55970,779,0
504.5,527.5,55971,780,0
504.5,527.5,55972,781,0
505.5,525.5,55973,782,0
505.5,525.5,55974,783,0
505.5,525.5,55975,784,0
504.5,527.5,55976,785,0
506.5,528.5,55977,786,0
506.5,526.5,55978,787,0
504.5,528.5,55979,788,0
507.5,528.5,55980,789,0
507.5,527.5,55981,790,0
506.5,528.5,55982,791,0
507.5,527.5,55983,792,0
507.5,528.5,55984,793,0
507.5,528.5,55985,794,0
506.5,528.5,55986,795,0
506.5,528.5,55987,796,0
507.5,527.5,55988,797,0
504.5,528.5,55989,798,0
506.5,528.5,55990,799,0
507.5,527.5,55991,800,0
505.5,526.5,55992,801,0
505.5,527.5,55993,802,0
507.5,527.5,55994,803,0
508.5,528.5,55995,804,0
505.5,526.5,55996,805,0
506.5,528.5,55997,806,0
505.5,528.5,55998,807,0
504.5,528.5,55999,808,0
507.5,527.5,56000,809,0
506.5,530.5,56001,810,0
505.5,526.5,56002,811,0
506.5,527.5,56003,812,0
507.5,527.5,56004,813,0
506.5,528.5,56005,814,0
506.5,527.5,56006,815,0
507.5,527.5,56007,816,0
505.5,526.5,56008,817,0
507.5,527.5,56009,818,0
505.5,529.5,56010,819,0
505.5,528.5,56011,820,0
507.5,527.5,56012,821,0
507.5,527.5,56013,822,0
506.5,529.5,56014,823,0
506.5,527.5,56015,824,0
506.5,527.5,56016,825,0
507.5,527.5,56017,826,0
505.5,528.5,56018,827,0
504.5,528.5,56019,828,0
505.5,529.5,56020,829,0
507.5,528.5,56021,830,0
506.5,527.5,56022,831,0
505.5,530.5,56023,832,0
504.5,528.5,56024,833,0
506.5,529.5,56025,834,0
505.5,528.5,56026,835,0
504.5,528.5,56027,836,0
505.5,529.5,56028,837,0
505.5,530.5,56029,838,0
504.5,531.5,56030,839,0
507.5,530.5,56031,840,0
506.5,530.5,56032,841,0
506.5,530.5,56033,842,0
506.5,531.5,56034,843,0
504.5,530.5,56035,844,0
504.5,531.5,56036,845,0
505.5,533.5,56037,846,0
506.5,534.5,56038,847,0
508.5,532.5,56039,848,0
505.5,530.5,56040,849,0
507.5,532.5,56041,850,0
504.5,532.5,56042,851,0
505.5,532.5,56043,852,0
509.5,532.5,56044,853,0
509.5,533.5,56045,854,0
509.5,532.5,56046,855,0
505.5,533.5,56047,856,0
506.5,533.5,56048,857,0
508.5,532.5,56049,858,0
508.5,533.5,56050,859,0
506.5,531.5,56051,860,0
506.5,531.5,56052,861,0
506.5,532.5,56053,862,0
508.5,533.5,56054,863,0
506.5,532.5,56055,864,0
506.5,532.5,56056,865,0
508.5,532.5,56057,866,0
509.5,533.5,56058,867,0
508.5,532.5,56059,868,0
508.5,535.5,56060,869,0
508.5,533.5,56061,870,0
508.5,533.5,56062,871,0
508.5,533.5,56063,872,0
508.5,533.5,56064,873,0
507.5,533.5,56065,874,0
509.5,534.5,56066,875,0
509.5,532.5,56067,876,0
508.5,533.5,56068,877,0
510.5,532.5,56069,878,0
508.5,533.5,56070,879,0
510.5,531.5,56071,880,0
509.5,532.5,56072,881,0
509.5,532.5,56073,882,0
510.5,531.5,56074,883,0
510.5,531.5,56075,884,0
513.5,531.5,56076,885,0
512.5,534.5,56077,886,0
510.5,530.5,56078,887,0
509.5,532.5,56079,888,0
511.5,531.5,56080,889,0
509.5,532.5,56081,890,0
510.5,532.5,56082,891,0
509.5,532.5,56083,892,0
509.5,532.5,56084,893,0
511.5,532.5,56085,894,0
511.5,531.5,56086,895,0
511.5,532.5,56087,896,0
509.5,533.5,56088,897,0
510.5,530.5,56089,898,0
511.5,534.5,56090,899,0
511.5,532.5,56091,900,0
509.5,532.5,56092,901,0
509.5,533.5,56093,902,0
510.5,530.5,56094,903,0
511.5,532.5,56095,904,0
511.5,532.5,56096,905,0
514.5,533.5,56097,906,0
510.5,531.5,56098,907,0
510.5,531.5,56099,908,0
510.5,531.5,56100,909,0
511.5,532.5,56101,910,0
510.5,532.5,56102,911,0
510.5,530.5,56103,912,0
511.5,533.5,56104,913,0
509.5,531.5,56105,914,0
511.5,531.5,56106,915,0
510.5,533.5,56107,916,0
510.5,531.5,56108,917,0
513.5,531.5,56109,918,0
510.5,531.5,56110,919,0
511.5,532.5,56111,920,0
511.5,531.5,56112,921,0
513.5,532.5,56113,922,0
509.5,533.5,56114,923,0
510.5,532.5,56115,924,0
511.5,531.5,56116,925,0
510.5,532.5,56117,926,0
512.5,531.5,56118,927,0
509.5,533.5,56119,928,0
510.5,532.5,56120,929,0
508.5,533.5,56121,930,0
511.5,533.5,56122,931,0
510.5,532.5,56123,932,0
509.5,532.5,56124,933,0
508.5,534.5,56125,934,0
509.5,533.5,56126,935,0
510.5,533.5,56127,936,0
509.5,535.5,56128,937,0
509.5,534.5,56129,938,0
509.5,534.5,56130,939,0
510.5,533.5,56131,940,0
509.5,534.5,56132,941,0
508.5,533.5,56133,942,0
507.5,534.5,56134,943,0
507.5,535.5,56135,944,0
508.5,534.5,56136,945,0
509.5,534.5,56137,946,0
509.5,534.5,56138,947,0
509.5,536.5,56139,948,0
509.5,536.5,56140,949,0
510.5,533.5,56141,950,0
508.5,535.5,56142,951,0
508.5,534.5,56143,952,0
507.5,535.5,56144,953,0
507.5,535.5,56145,954,0
508.5,535.5,56146,955,0
508.5,538.5,56147,956,0
507.5,536.5,56148,957,0
507.5,536.5,56149,958,0
506.5,535.5,56150,959,0
508.5,538.5,56151,960,0
506.5,537.5,56152,961,0
509.5,534.5,56153,962,0
507.5,537.5,56154,963,0
509.5,538.5,56155,964,0
507.5,538.5,56156,965,0
506.5,537.5,56157,966,0
510.5,536.5,56158,967,0
508.5,539.5,56159,968,0
506.5,539.5,56160,969,0
507.5,539.5,56161,970,0
508.5,539.5,56162,971,0
507.5,537.5,56163,972,0
507.5,539.5,56164,973,0
507.5,539.5,56165,974,0
508.5,539.5,56166,975,0
506.5,540.5,56167,976,0
508.5,540.5,56168,977,0
508.5,540.5,56169,978,0
508.5,540.5,56170,979,0
508.5,541.5,56171,980,0
508.5,540.5,56172,981,0
507.5,541.5,56173,982,0
506.5,541.5,56174,983,0
508.5,541.5,56175,984,0
508.5,541.5,56176,985,0
506.5,540.5,56177,986,0
508.5,540.5,56178,987,0
508.5,540.5,56179,988,0
507.5,541.5,56180,989,0
508.5,541.5,56181,990,0
508.5,542.5,56182,991,0
508.5,542.5,56183,992,0
509.5,541.5,56184,993,0
506.5,542.5,56185,994,0
507.5,541.5,56186,995,0
508.5,541.5,56187,996,0
509.5,541.5,56188,997,0
509.5,542.5,56189,998,0
509.5,542.5,56190,999,0
507.5,542.5,56191,1000,0
509.5,541.5,56192,1001,0
507.5,541.5,56193,1002,0
509.5,541.5,56194,1003,0
509.5,541.5,56195,1004,0
509.5,540.5,56196,1005,0
510.5,541.5,56197,1006,0
510.5,540.5,56198,1007,0
509.5,541.5,56199,1008,0
512.5,540.5,56200,1009,0
510.5,540.5,56201,1010,0
510.5,538.5,56202,1011,0
510.5,539.5,56203,1012,0
508.5,540.5,56204,1013,0
511.5,540.5,56205,1014,0
510.5,539.5,56206,1015,0
509.5,542.5,56207,1016,0
510.5,540.5,56208,1017,0
511.5,539.5,56209,1018,0
510.5,540.5,56210,1019,0
510.5,539.5,56211,1020,0
511.5,539.5,56212,1021,0
510.5,539.5,56213,1022,0
511.5,540.5,56214,1023,0
510.5,540.5,56215,1024,0
510.5,541.5,56216,1025,0
509.5,540.5,56217,1026,0
510.5,539.5,56218,1027,0
509.5,538.5,56219,1028,0
510.5,540.5,56220,1029,0
513.5,538.5,56221,1030,0
511.5,539.5,56222,1031,0
510.5,538.5,56223,1032,0
510.5,539.5,56224,1033,0
510.5,540.5,56225,1034,0
511.5,538.5,56226,1035,0
511.5,540.5,56227,1036,0
511.5,538.5,56228,1037,0
510.5,538.5,56229,1038,0
509.5,538.5,56230,1039,0
508.5,538.5,56231,1040,0
508.5,537.5,56232,1041,0
508.5,537.5,56233,1042,0
510.5,537.5,56234,1043,0
509.5,538.5,56235,1044,0
509.5,537.5,56236,1045,0
508.5,537.5,56237,1046,0
508.5,538.5,56238,1047,0
508.5,538.5,56239,1048,0
508.5,537.5,56240,1049,0
512.5,537.5,56241,1050,0
512.5,536.5,56242,1051,0
509.5,539.5,56243,1052,0
510.5,537.5,56244,1053,0
510.5,539.5,56245,1054,0
510.5,536.5,56246,1055,0
511.5,537.5,56247,1056,0
511.5,537.5,56248,1057,0
511.5,536.5,56249,1058,0
511.5,535.5,56250,1059,0
509.5,536.5,56251,1060,0
510.5,536.5,56252,1061,0
510.5,534.5,56253,1062,0
511.5,535.5,56254,1063,0
510.5,535.5,56255,1064,0
512.5,534.5,56256,1065,0
513.5,534.5,56257,1066,0
510.5,534.5,56258,1067,0
511.5,534.5,56259,1068,0
511.5,534.5,56260,1069,0
513.5,533.5,56261,1070,0
511.5,533.5,56262,1071,0
513.5,532.5,56263,1072,0
513.5,533.5,56264,1073,0
511.5,533.5,56265,1074,0
512.5,532.5,56266,1075,0
513.5,531.5,56267,1076,0
513.5,531.5,56268,1077,0
513.5,532.5,56269,1078,0
512.5,530.5,56270,1079,0
510.5,531.5,56271,1080,0
512.5,531.5,56272,1081,0
516.5,529.5,56273,1082,0
512.5,529.5,56274,1083,0
513.5,531.5,56275,1084,0
511.5,531.5,56276,1085,0
512.5,531.5,56277,1086,0
512.5,532.5,56278,1087,0
513.5,533.5,56279,1088,0
509.5,530.5,56280,1089,0
511.5,531.5,56281,1090,0
512.5,530.5,56282,1091,0
514.5,529.5,56283,1092,0
511.5,531.5,56284,1093,0
504.5,533.5,56285,1094,0
511.5,531.5,56286,1095,0
511.5,531.5,56287,1096,0
511.5,531.5,56288,1097,0
508.5,530.5,56289,1098,0
511.5,530.5,56290,1099,0
510.5,531.5,56291,1100,0
509.5,531.5,56292,1101,0
508.5,530.5,56293,1102,0
508.5,529.5,56294,1103,0
508.5,530.5,56295,1104,0
507.5,530.5,56296,1105,0
508.5,531.5,56297,1106,0
509.5,529.5,56298,1107,0
510.5,532.5,56299,1108,0
508.5,529.5,56300,1109,0
507.5,530.5,56301,1110,0
508.5,529.5,56302,1111,0
507.5,529.5,56303,1112,0
508.5,530.5,56304,1113,0
506.5,528.5,56305,1114,0
505.5,529.5,56306,1115,0
504.5,529.5,56307,1116,0
506.5,529.5,56308,1117,0
504.5,529.5,56309,1118,0
505.5,528.5,56310,1119,0
507.5,529.5,56311,1120,0
505.5,527.5,56312,1121,0
506.5,529.5,56313,1122,0
506.5,529.5,56314,1123,0
506.5,529.5,56315,1124,0
506.5,528.5,56316,1125,0
506.5,528.5,56317,1126,0
505.5,528.5,56318,1127,0
502.5,529.5,56319,1128,0
505.5,529.5,56320,1129,0
505.5,528.5,56321,1130,0
505.5,528.5,56322,1131,0
507.5,529.5,56323,1132,0
503.5,529.5,56324,1133,0
505.5,528.5,56325,1134,0
505.5,529.5,56326,1135,0
504.5,529.5,56327,1136,0
505.5,529.5,56328,1137,0
505.5,531.5,56329,1138,0
504.5,528.5,56330,1139,0
502.5,530.5,56331,1140,0
504.5,529.5,56332,1141,0
504.5,530.5,56333,1142,0
502.5,529.5,56334,1143,0
505.5,529.5,56335,1144,0
502.5,527.5,56336,1145,0
506.5,527.5,56337,1146,0
503.5,529.5,56338,1147,0
505.5,528.5,56339,1148,0
502.5,529.5,56340,1149,0
502.5,528.5,56341,1150,0
502.5,528.5,56342,1151,0
503.5,529.5,56343,1152,0
505.5,530.5,56344,1153,0
505.5,529.5,56345,1154,0
504.5,529.5,56346,1155,0
505.5,529.5,56347,1156,0
505.5,528.5,56348,1157,0
505.5,528.5,56349,1158,0
506.5,529.5,56350,1159,0
503.5,528.5,56351,1160,0
505.5,527.5,56352,1161,0
505.5,527.5,56353,1162,0
505.5,527.5,56354,1163,0
506.5,528.5,56355,1164,0
505.5,527.5,56356,1165,0
507.5,527.5,56357,1166,0
510.5,525.5,56358,1167,0
507.5,526.5,56359,1168,0
506.5,526.5,56360,1169,0
507.5,526.5,56361,1170,0
504.5,527.5,56362,1171,0
505.5,527.5,56363,1172,0
506.5,527.5,56364,1173,0
506.5,526.5,56365,1174,0
504.5,527.5,56366,1175,0
509.5,526.5,56367,1176,0
507.5,526.5,56368,1177,0
507.5,526.5,56369,1178,0
507.5,527.5,56370,1179,0
508.5,526.5,56371,1180,0
508.5,527.5,56372,1181,0
505.5,527.5,56373,1182,0
507.5,529.5,56374,1183,0
505.5,526.5,56375,1184,0
507.5,525.5,56376,1185,0
508.5,526.5,56377,1186,0
508.5,525.5,56378,1187,0
507.5,527.5,56379,1188,0
508.5,525.5,56380,1189,0
508.5,525.5,56381,1190,0
506.5,526.5,56382,1191,0
509.5,526.5,56383,1192,0
511.5,525.5,56384,1193,0
509.5,526.5,56385,1194,0
509.5,525.5,56386,1195,0
509.5,526.5,56387,1196,0
509.5,528.5,56388,1197,0
510.5,526.5,56389,1198,0
510.5,528.5,56390,1199,0
509.5,528.5,56391,1200,0
509.5,527.5,56392,1201,0
511.5,525.5,56393,1202,0
509.5,527.5,56394,1203,0
511.5,526.5,56395,1204,0
512.5,526.5,56396,1205,0
511.5,525.5,56397,1206,0
512.5,525.5,56398,1207,0
514.5,525.5,56399,1208,0
512.5,525.5,56400,1209,0
510.5,526.5,56401,1210,0
511.5,527.5,56402,1211,0
512.5,524.5,56403,1212,0
513.5,526.5,56404,1213,0
513.5,526.5,56405,1214,0
511.5,526.5,56406,1215,0
512.5,527.5,56407,1216,0
514.5,526.5,56408,1217,0
514.5,526.5,56409,1218,0
514.5,526.5,56410,1219,0
514.5,525.5,56411,1220,0
516.5,525.5,56412,1221,0
513.5,524.5,56413,1222,0
514.5,526.5,56414,1223,0
515.5,526.5,56415,1224,0
517.5,525.5,56416,1225,0
515.5,526.5,56417,1226,0
515.5,526.5,56418,1227,0
515.5,526.5,56419,1228,0
515.5,526.5,56420,1229,0
513.5,525.5,56421,1230,0
516.5,525.5,56422,1231,0
515.5,525.5,56423,1232,0
516.5,526.5,56424,1233,0
515.5,526.5,56425,1234,0
514.5,526.5,56426,1235,0
515.5,527.5,56427,1236,0
513.5,526.5,56428,1237,0
513.5,530.5,56429,1238,0
512.5,532.5,56430,1239,0
515.5,524.5,56431,1240,0
515.5,525.5,56432,1241,0
514.5,525.5,56433,1242,0
514.5,525.5,56434,1243,0
515.5,524.5,56435,1244,0
514.5,526.5,56436,1245,0
514.5,525.5,56437,1246,0
512.5,525.5,56438,1247,0
514.5,525.5,56439,1248,0
512.5,527.5,56440,1249,0
512.5,524.5,56441,1250,0
511.5,524.5,56442,1251,0
511.5,527.5,56443,1252,0
511.5,526.5,56444,1253,0
512.5,525.5,56445,1254,0
512.5,526.5,56446,1255,0
513.5,526.5,56447,1256,0
511.5,527.5,56448,1257,0
513.5,526.5,56449,1258,0
511.5,527.5,56450,1259,0
512.5,529.5,56451,1260,0
512.5,525.5,56452,1261,0
512.5,526.5,56453,1262,0
511.5,526.5,56454,1263,0
515.5,524.5,56455,1264,0
512.5,528.5,56456,1265,0
512.5,526.5,56457,1266,0
511.5,527.5,56458,1267,0
513.5,527.5,56459,1268,0
513.5,528.5,56460,1269,0
513.5,527.5,56461,1270,0
512.5,526.5,56462,1271,0
514.5,526.5,56463,1272,0
513.5,526.5,56464,1273,0
514.5,527.5,56465,1274,0
513.5,528.5,56466,1275,0
514.5,526.5,56467,1276,0
513.5,527.5,56468,1277,0
514.5,529.5,56469,1278,0
511.5,527.5,56470,1279,0
512.5,528.5,56471,1280,0
512.5,527.5,56472,1281,0
511.5,528.5,56473,1282,0
512.5,526.5,56474,1283,0
511.5,527.5,56475,1284,0
513.5,527.5,56476,1285,0
511.5,526.5,56477,1286,0
510.5,527.5,56478,1287,0
512.5,526.5,56479,1288,0
512.5,527.5,56480,1289,0
513.5,527.5,56481,1290,0
512.5,528.5,56482,1291,0
510.5,526.5,56483,1292,0
512.5,527.5,56484,1293,0
512.5,528.5,56485,1294,0
512.5,526.5,56486,1295,0
509.5,529.5,56487,1296,0
511.5,527.5,56488,1297,0
510.5,528.5,56489,1298,0
511.5,529.5,56490,1299,0
513.5,528.5,56491,1300,0
510.5,528.5,56492,1301,0
512.5,526.5,56493,1302,0
513.5,530.5,56494,1303,0
513.5,530.5,56495,1304,0
510.5,527.5,56496,1305,0
511.5,528.5,56497,1306,0
512.5,530.5,56498,1307,0
511.5,529.5,56499,1308,0
511.5,529.5,56500,1309,0
510.5,529.5,56501,1310,0
508.5,530.5,56502,1311,0
510.5,529.5,56503,1312,0
511.5,531.5,56504,1313,0
509.5,530.5,56505,1314,0
509.5,528.5,56506,1315,0
510.5,530.5,56507,1316,0
509.5,529.5,56508,1317,0
510.5,530.5,56509,1318,0
509.5,531.5,56510,1319,0
509.5,532.5,56511,1320,0
509.5,530.5,56512,1321,0
509.5,531.5,56513,1322,0
508.5,530.5,56514,1323,0
508.5,532.5,56515,1324,0
509.5,530.5,56516,1325,0
509.5,532.5,56517,1326,0
510.5,531.5,56518,1327,0
509.5,532.5,56519,1328,0
507.5,530.5,56520,1329,0
508.5,532.5,56521,1330,0
509.5,530.5,56522,1331,0
510.5,530.5,56523,1332,0
510.5,530.5,56524,1333,0
509.5,530.5,56525,1334,0
507.5,531.5,56526,1335,0
509.5,530.5,56527,1336,0
508.5,530.5,56528,1337,0
507.5,530.5,56529,1338,0
508.5,530.5,56530,1339,0
508.5,530.5,56531,1340,0
507.5,531.5,56532,1341,0
507.5,530.5,56533,1342,0
508.5,530.5,56534,1343,0
507.5,529.5,56535,1344,0
507.5,532.5,56536,1345,0
506.5,530.5,56537,1346,0
505.5,530.5,56538,1347,0
505.5,530.5,56539,1348,0
507.5,529.5,56540,1349,0
505.5,530.5,56541,1350,0
505.5,528.5,56542,1351,0
506.5,528.5,56543,1352,0
503.5,529.5,56544,1353,0
506.5,528.5,56545,1354,0
504.5,529.5,56546,1355,0
506.5,528.5,56547,1356,0
505.5,528.5,56548,1357,0
503.5,533.5,56549,1358,0
504.5,526.5,56550,1359,0
507.5,526.5,56551,1360,0
505.5,528.5,56552,1361,0
505.5,528.5,56553,1362,0
505.5,527.5,56554,1363,0
503.5,527.5,56555,1364,0
503.5,526.5,56556,1365,0
504.5,528.5,56557,1366,0
504.5,527.5,56558,1367,0
504.5,526.5,56559,1368,0
504.5,526.5,56560,1369,0
502.5,526.5,56561,1370,0
503.5,526.5,56562,1371,0
501.5,527.5,56563,1372,0
503.5,526.5,56564,1373,0
503.5,526.5,56565,1374,0
501.5,525.5,56566,1375,0
500.5,526.5,56567,1376,0
501.5,523.5,56568,1377,0
503.5,524.5,56569,1378,0
503.5,524.5,56570,1379,0
501.5,524.5,56571,1380,0
500.5,524.5,56572,1381,0
502.5,525.5,56573,1382,0
502.5,524.5,56574,1383,0
500.5,525.5,56575,1384,0
501.5,525.5,56576,1385,0
500.5,526.5,56577,1386,0
502.5,524.5,56578,1387,0
501.5,524.5,56579,1388,0
501.5,525.5,56580,1389,0
502.5,525.5,56581,1390,0
503.5,525.5,56582,1391,0
502.5,526.5,56583,1392,0
502.5,525.5,56584,1393,0
503.5,526.5,56585,1394,0
503.5,525.5,56586,1395,0
501.5,525.5,56587,1396,0
502.5,523.5,56588,1397,0
503.5,524.5,56589,1398,0
505.5,524.5,56590,1399,0
505.5,524.5,56591,1400,0
505.5,523.5,56592,1401,0
505.5,525.5,56593,1402,0
506.5,525.5,56594,1403,0
505.5,524.5,56595,1404,0
503.5,524.5,56596,1405,0
503.5,525.5,56597,1406,0
505.5,524.5,56598,1407,0
505.5,522.5,56599,1408,0
505.5,525.5,56600,1409,0
505.5,524.5,56601,1410,0
503.5,523.5,56602,1411,0
504.5,525.5,56603,1412,0
504.5,525.5,56604,1413,0
506.5,524.5,56605,1414,0
506.5,524.5,56606,1415,0
504.5,524.5,56607,1416,0
505.5,524.5,56608,1417,0
505.5,525.5,56609,1418,0
505.5,524.5,56610,1419,0
504.5,526.5,56611,1420,0
506.5,525.5,56612,1421,0
501.5,527.5,56613,1422,0
507.5,525.5,56614,1423,0
508.5,526.5,56615,1424,0
508.5,526.5,56616,1425,0
507.5,526.5,56617,1426,0
508.5,527.5,56618,1427,0
506.5,527.5,56619,1428,0
507.5,527.5,56620,1429,0
507.5,527.5,56621,1430,0
509.5,526.5,56622,1431,0
509.5,526.5,56623,1432,0
509.5,526.5,56624,1433,0
508.5,527.5,56625,1434,0
509.5,527.5,56626,1435,0
509.5,526.5,56627,1436,0
509.5,527.5,56628,1437,0
510.5,527.5,56629,1438,0
508.5,527.5,56630,1439,0
510.5,527.5,56631,1440,0
510.5,527.5,56632,1441,0
516.5,528.5,56633,1442,0
508.5,527.5,56634,1443,0
510.5,528.5,56635,1444,0
509.5,527.5,56636,1445,0
508.5,529.5,56637,1446,0
507.5,529.5,56638,1447,0
509.5,528.5,56639,1448,0
510.5,529.5,56640,1449,0
510.5,526.5,56641,1450,0
509.5,529.5,56642,1451,0
509.5,528.5,56643,1452,0
509.5,529.5,56644,1453,0
509.5,529.5,56645,1454,0
507.5,530.5,56646,1455,0
509.5,530.5,56647,1456,0
508.5,530.5,56648,1457,0
506.5,530.5,56649,1458,0
509.5,529.5,56650,1459,0
508.5,529.5,56651,1460,0
509.5,529.5,56652,1461,0
509.5,530.5,56653,1462,0
508.5,531.5,56654,1463,0
507.5,529.5,56655,1464,0
511.5,530.5,56656,1465,0
508.5,529.5,56657,1466,0
507.5,528.5,56658,1467,0
507.5,529.5,56659,1468,0
508.5,529.5,56660,1469,0
509.5,529.5,56661,1470,0
507.5,530.5,56662,1471,0
509.5,529.5,56663,1472,0
509.5,530.5,56664,1473,0
510.5,529.5,56665,1474,0
509.5,531.5,56666,1475,0
510.5,529.5,56667,1476,0
509.5,529.5,56668,1477,0
510.5,529.5,56669,1478,0
508.5,529.5,56670,1479,0
512.5,530.5,56671,1480,0
504.5,531.5,56672,1481,0
510.5,527.5,56673,1482,0
510.5,529.5,56674,1483,0
509.5,528.5,56675,1484,0
510.5,530.5,56676,1485,0
509.5,532.5,56677,1486,0
510.5,530.5,56678,1487,0
511.5,531.5,56679,1488,0
513.5,530.5,56680,1489,0
513.5,531.5,56681,1490,0
511.5,531.5,56682,1491,0
513.5,531.5,56683,1492,0
513.5,531.5,56684,1493,0
509.5,532.5,56685,1494,0
510.5,533.5,56686,1495,0
510.5,532.5,56687,1496,0
510.5,533.5,56688,1497,0
510.5,533.5,56689,1498,0
512.5,531.5,56690,1499,0
512.5,529.5,56691,1500,0
511.5,531.5,56692,1501,0
510.5,533.5,56693,1502,0
513.5,531.5,56694,1503,0
512.5,532.5,56695,1504,0
512.5,530.5,56696,1505,0
511.5,534.5,56697,1506,0
513.5,532.5,56698,1507,0
510.5,533.5,56699,1508,0
512.5,532.5,56700,1509,0
510.5,532.5,56701,1510,0
513.5,532.5,56702,1511,0
511.5,533.5,56703,1512,0
512.5,533.5,56704,1513,0
512.5,534.5,56705,1514,0
513.5,533.5,56706,1515,0
513.5,532.5,56707,1516,0
511.5,534.5,56708,1517,0
512.5,533.5,56709,1518,0
511.5,533.5,56710,1519,0
513.5,533.5,56711,1520,0
512.5,534.5,56712,1521,0
512.5,531.5,56713,1522,0
513.5,534.5,56714,1523,0
513.5,534.5,56715,1524,0
512.5,535.5,56716,1525,0
514.5,535.5,56717,1526,0
512.5,534.5,56718,1527,0
510.5,536.5,56719,1528,0
511.5,536.5,56720,1529,0
513.5,534.5,56721,1530,0
511.5,534.5,56722,1531,0
509.5,535.5,56723,1532,0
509.5,536.5,56724,1533,0
509.5,532.5,56725,1534,0
508.5,534.5,56726,1535,0
508.5,533.5,56727,1536,0
511.5,534.5,56728,1537,0
508.5,533.5,56729,1538,0
511.5,535.5,56730,1539,0
508.5,534.5,56731,1540,0
508.5,535.5,56732,1541,0
508.5,533.5,56733,1542,0
507.5,534.5,56734,1543,0
508.5,535.5,56735,1544,0
507.5,537.5,56736,1545,0
507.5,534.5,56737,1546,0
506.5,536.5,56738,1547,0
509.5,535.5,56739,1548,0
509.5,535.5,56740,1549,0
509.5,536.5,56741,1550,0
508.5,536.5,56742,1551,0
506.5,536.5,56743,1552,0
506.5,536.5,56744,1553,0
509.5,536.5,56745,1554,0
508.5,535.5,56746,1555,0
506.5,537.5,56747,1556,0
506.5,538.5,56748,1557,0
507.5,536.5,56749,1558,0
507.5,538.5,56750,1559,0
506.5,535.5,56751,1560,0
508.5,537.5,56752,1561,0
507.5,539.5,56753,1562,0
510.5,537.5,56754,1563,0
508.5,537.5,56755,1564,0
508.5,538.5,56756,1565,0
508.5,538.5,56757,1566,0
506.5,538.5,56758,1567,0
507.5,538.5,56759,1568,0
507.5,538.5,56760,1569,0
507.5,538.5,56761,1570,0
507.5,538.5,56762,1571,0
507.5,540.5,56763,1572,0
506.5,540.5,56764,1573,0
507.5,540.5,56765,1574,0
506.5,538.5,56766,1575,0
505.5,542.5,56767,1576,0
506.5,540.5,56768,1577,0
505.5,540.5,56769,1578,0
506.5,542.5,56770,1579,0
505.5,542.5,56771,1580,0
506.5,541.5,56772,1581,0
506.5,541.5,56773,1582,0
508.5,540.5,56774,1583,0
504.5,543.5,56775,1584,0
505.5,543.5,56776,1585,0
506.5,541.5,56777,1586,0
505.5,543.5,56778,1587,0
506.5,542.5,56779,1588,0
505.5,544.5,56780,1589,0
506.5,544.5,56781,1590,0
506.5,544.5,56782,1591,0
505.5,543.5,56783,1592,0
506.5,542.5,56784,1593,0
505.5,541.5,56785,1594,0
506.5,543.5,56786,1595,0
507.5,543.5,56787,1596,0
506.5,544.5,56788,1597,0
507.5,543.5,56789,1598,0
507.5,542.5,56790,1599,0
509.5,543.5,56791,1600,0
509.5,544.5,56792,1601,0
507.5,545.5,56793,1602,0
507.5,544.5,56794,1603,0
507.5,545.5,56795,1604,0
509.5,545.5,56796,1605,0
508.5,544.5,56797,1606,0
507.5,546.5,56798,1607,0
508.5,544.5,56799,1608,0
510.5,545.5,56800,1609,0
508.5,544.5,56801,1610,0
508.5,544.5,56802,1611,0
508.5,544.5,56803,1612,0
508.5,545.5,56804,1613,0
508.5,544.5,56805,1614,0
507.5,542.5,56806,1615,0
508.5,543.5,56807,1616,0
507.5,546.5,56808,1617,0
506.5,546.5,56809,1618,0
506.5,546.5,56810,1619,0
507.5,544.5,56811,1620,0
508.5,544.5,56812,1621,0
506.5,546.5,56813,1622,0
507.5,543.5,56814,1623,0
507.5,542.5,56815,1624,0
507.5,544.5,56816,1625,0
506.5,543.5,56817,1626,0
506.5,542.5,56818,1627,0
505.5,544.5,56819,1628,0
505.5,542.5,56820,1629,0
505.5,546.5,56821,1630,0
504.5,546.5,56822,1631,0
506.5,544.5,56823,1632,0
505.5,544.5,56824,1633,0
503.5,543.5,56825,1634,0
504.5,545.5,56826,1635,0
505.5,544.5,56827,1636,0
504.5,544.5,56828,1637,0
503.5,543.5,56829,1638,0
503.5,543.5,56830,1639,0
503.5,543.5,56831,1640,0
503.5,545.5,56832,1641,0
503.5,542.5,56833,1642,0
502.5,544.5,56834,1643,0
503.5,542.5,56835,1644,0
502.5,542.5,56836,1645,0
501.5,541.5,56837,1646,0
502.5,542.5,56838,1647,0
502.5,541.5,56839,1648,0
501.5,542.5,56840,1649,0
503.5,541.5,56841,1650,0
501.5,543.5,56842,1651,0
503.5,541.5,56843,1652,0
501.5,541.5,56844,1653,0
504.5,542.5,56845,1654,0
504.5,541.5,56846,1655,0
501.5,543.5,56847,1656,0
502.5,541.5,56848,1657,0
502.5,540.5,56849,1658,0
503.5,541.5,56850,1659,0
503.5,542.5,56851,1660,0
503.5,540.5,56852,1661,0
502.5,540.5,56853,1662,0
503.5,539.5,56854,1663,0
502.5,540.5,56855,1664,0
501.5,538.5,56856,1665,0
502.5,539.5,56857,1666,0
503.5,539.5,56858,1667,0
504.5,539.5,56859,1668,0
504.5,538.5,56860,1669,0
503.5,537.5,56861,1670,0
503.5,537.5,56862,1671,0
502.5,536.5,56863,1672,0
504.5,537.5,56864,1673,0
504.5,536.5,56865,1674,0
504.5,536.5,56866,1675,0
506.5,537.5,56867,1676,0
504.5,537.5,56868,1677,0
503.5,535.5,56869,1678,0
503.5,537.5,56870,1679,0
505.5,536.5,56871,1680,0
505.5,535.5,56872,1681,0
505.5,535.5,56873,1682,0
505.5,535.5,56874,1683,0
506.5,535.5,56875,1684,0
506.5,535.5,56876,1685,0
504.5,535.5,56877,1686,0
506.5,535.5,56878,1687,0
503.5,534.5,56879,1688,0
503.5,535.5,56880,1689,0
504.5,536.5,56881,1690,0
506.5,535.5,56882,1691,0
505.5,534.5,56883,1692,0
505.5,535.5,56884,1693,0
507.5,534.5,56885,1694,0
505.5,536.5,56886,1695,0
505.5,536.5,56887,1696,0
505.5,536.5,56888,1697,0
507.5,534.5,56889,1698,0
507.5,535.5,56890,1699,0
505.5,533.5,56891,1700,0
507.5,535.5,56892,1701,0
505.5,533.5,56893,1702,0
506.5,535.5,56894,1703,0
507.5,534.5,56895,1704,0
508.5,534.5,56896,1705,0
507.5,534.5,56897,1706,0
510.5,534.5,56898,1707,0
507.5,534.5,56899,1708,0
507.5,535.5,56900,1709,0
508.5,533.5,56901,1710,0
508.5,534.5,56902,1711,0
507.5,533.5,56903,1712,0
511.5,533.5,56904,1713,0
509.5,533.5,56905,1714,0
510.5,533.5,56906,1715,0
509.5,532.5,56907,1716,0
511.5,532.5,56908,1717,0
509.5,534.5,56909,1718,0
510.5,531.5,56910,1719,0
513.5,532.5,56911,1720,0
510.5,534.5,56912,1721,0
510.5,534.5,56913,1722,0
512.5,533.5,56914,1723,0
513.5,533.5,56915,1724,0
512.5,532.5,56916,1725,0
511.5,531.5,56917,1726,0
513.5,532.5,56918,1727,0
511.5,531.5,56919,1728,0
513.5,532.5,56920,1729,0
513.5,532.5,56921,1730,0
513.5,534.5,56922,1731,0
514.5,530.5,56923,1732,0
514.5,532.5,56924,1733,0
513.5,532.5,56925,1734,0
512.5,530.5,56926,1735,0
513.5,531.5,56927,1736,0
514.5,532.5,56928,1737,0
513.5,531.5,56929,1738,0
514.5,531.5,56930,1739,0
513.5,531.5,56931,1740,0
513.5,530.5,56932,1741,0
514.5,529.5,56933,1742,0
516.5,530.5,56934,1743,0
511.5,528.5,56935,1744,0
511.5,528.5,56936,1745,0
513.5,528.5,56937,1746,0
513.5,528.5,56938,1747,0
511.5,528.5,56939,1748,0
513.5,528.5,56940,1749,0
513.5,527.5,56941,1750,0
513.5,528.5,56942,1751,0
513.5,526.5,56943,1752,0
512.5,528.5,56944,1753,0
512.5,527.5,56945,1754,0
513.5,526.5,56946,1755,0
513.5,526.5,56947,1756,0
511.5,526.5,56948,1757,0
510.5,525.5,56949,1758,0
513.5,525.5,56950,1759,0
512.5,525.5,56951,1760,0
512.5,525.5,56952,1761,0
512.5,525.5,56953,1762,0
512.5,525.5,56954,1763,0
513.5,525.5,56955,1764,0
513.5,525.5,56956,1765,0
511.5,523.5,56957,1766,0
510.5,524.5,56958,1767,0
508.5,528.5,56959,1768,0
510.5,524.5,56960,1769,0
510.5,523.5,56961,1770,0
511.5,524.5,56962,1771,0
511.5,525.5,56963,1772,0
511.5,522.5,56964,1773,0
509.5,526.5,56965,1774,0
513.5,524.5,56966,1775,0
511.5,524.5,56967,1776,0
509.5,523.5,56968,1777,0
510.5,527.5,56969,1778,0
510.5,525.5,56970,1779,0
508.5,525.5,56971,1780,0
510.5,525.5,56972,1781,0
507.5,523.5,56973,1782,0
508.5,523.5,56974,1783,0
509.5,523.5,56975,1784,0
509.5,523.5,56976,1785,0
507.5,522.5,56977,1786,0
507.5,524.5,56978,1787,0
509.5,523.5,56979,1788,0
508.5,525.5,56980,1789,0
509.5,524.5,56981,1790,0
506.5,528.5,56982,1791,0
508.5,527.5,56983,1792,0
509.5,522.5,56984,1793,0
506.5,525.5,56985,1794,0
506.5,526.5,56986,1795,0
508.5,523.5,56987,1796,0
507.5,525.5,56988,1797,0
508.5,525.5,56989,1798,0
508.5,526.5,56990,1799,0
506.5,526.5,56991,1800,0
506.5,525.5,56992,1801,0
507.5,526.5,56993,1802,0
505.5,528.5,56994,1803,0
505.5,526.5,56995,1804,0
505.5,527.5,56996,1805,0
506.5,527.5,56997,1806,0
506.5,527.5,56998,1807,0
505.5,528.5,56999,1808,0
506.5,525.5,57000,1809,0
506.5,528.5,57001,1810,0
505.5,521.5,57002,1811,0
506.5,527.5,57003,1812,0
506.5,527.5,57004,1813,0
505.5,530.5,57005,1814,0
505.5,528.5,57006,1815,0
506.5,527.5,57007,1816,0
508.5,528.5,57008,1817,0
506.5,528.5,57009,1818,0
505.5,530.5,57010,1819,0
505.5,530.5,57011,1820,0
506.5,528.5,57012,1821,0
504.5,529.5,57013,1822,0
505.5,529.5,57014,1823,0
505.5,529.5,57015,1824,0
504.5,530.5,57016,1825,0
505.5,529.5,57017,1826,0
505.5,531.5,57018,1827,0
504.5,530.5,57019,1828,0
504.5,530.5,57020,1829,0
504.5,531.5,57021,1830,0
505.5,531.5,57022,1831,0
503.5,527.5,57023,1832,0
501.5,531.5,57024,1833,0
504.5,532.5,57025,1834,0
504.5,531.5,57026,1835,0
504.5,531.5,57027,1836,0
502.5,530.5,57028,1837,0
503.5,532.5,57029,1838,0
503.5,531.5,57030,1839,0
502.5,532.5,57031,1840,0
503.5,532.5,57032,1841,0
502.5,532.5,57033,1842,0
500.5,531.5,57034,1843,0
502.5,533.5,57035,1844,0
502.5,532.5,57036,1845,0
502.5,533.5,57037,1846,0
500.5,531.5,57038,1847,0
502.5,532.5,57039,1848,0
501.5,533.5,57040,1849,0
501.5,533.5,57041,1850,0
500.5,532.5,57042,1851,0
500.5,534.5,57043,1852,0
500.5,535.5,57044,1853,0
499.5,533.5,57045,1854,0
500.5,535.5,57046,1855,0
501.5,533.5,57047,1856,0
500.5,534.5,57048,1857,0
501.5,534.5,57049,1858,0
500.5,533.5,57050,1859,0
499.5,534.5,57051,1860,0
498.5,534.5,57052,1861,0
500.5,534.5,57053,1862,0
498.5,536.5,57054,1863,0
499.5,535.5,57055,1864,0
498.5,536.5,57056,1865,0
497.5,535.5,57057,1866,0
497.5,537.5,57058,1867,0
498.5,535.5,57059,1868,0
497.5,535.5,57060,1869,0
496.5,535.5,57061,1870,0
498.5,535.5,57062,1871,0
498.5,535.5,57063,1872,0
497.5,536.5,57064,1873,0
498.5,536.5,57065,1874,0
497.5,536.5,57066,1875,0
498.5,537.5,57067,1876,0
495.5,536.5,57068,1877,0
497.5,540.5,57069,1878,0
497.5,537.5,57070,1879,0
495.5,536.5,57071,1880,0
496.5,538.5,57072,1881,0
497.5,538.5,57073,1882,0
497.5,539.5,57074,1883,0
497.5,538.5,57075,1884,0
497.5,539.5,57076,1885,0
495.5,538.5,57077,1886,0
496.5,539.5,57078,1887,0
497.5,541.5,57079,1888,0
497.5,540.5,57080,1889,0
498.5,539.5,57081,1890,0
496.5,539.5,57082,1891,0
496.5,539.5,57083,1892,0
497.5,540.5,57084,1893,0
497.5,539.5,57085,1894,0
499.5,538.5,57086,1895,0
499.5,539.5,57087,1896,0
498.5,538.5,57088,1897,0
497.5,536.5,57089,1898,0
497.5,538.5,57090,1899,0
499.5,538.5,57091,1900,0
498.5,539.5,57092,1901,0
500.5,538.5,57093,1902,0
500.5,540.5,57094,1903,0
500.5,538.5,57095,1904,0
501.5,538.5,57096,1905,0
500.5,538.5,57097,1906,0
500.5,538.5,57098,1907,0
501.5,537.5,57099,1908,0
499.5,537.5,57100,1909,0
501.5,537.5,57101,1910,0
502.5,537.5,57102,1911,0
500.5,536.5,57103,1912,0
503.5,538.5,57104,1913,0
503.5,538.5,57105,1914,0
503.5,538.5,57106,1915,0
502.5,536.5,57107,1916,0
503.5,537.5,57108,1917,0
505.5,537.5,57109,1918,0
505.5,538.5,57110,1919,0
506.5,538.5,57111,1920,0
505.5,537.5,57112,1921,0
505.5,537.5,57113,1922,0
506.5,537.5,57114,1923,0
504.5,538.5,57115,1924,0
504.5,539.5,57116,1925,0
510.5,536.5,57117,1926,0
505.5,539.5,57118,1927,0
507.5,536.5,57119,1928,0
504.5,537.5,57120,1929,0
506.5,537.5,57121,1930,0
507.5,537.5,57122,1931,0
505.5,537.5,57123,1932,0
507.5,537.5,57124,1933,0
507.5,538.5,57125,1934,0
507.5,537.5,57126,1935,0
508.5,538.5,57127,1936,0
506.5,536.5,57128,1937,0
506.5,536.5,57129,1938,0
506.5,537.5,57130,1939,0
508.5,536.5,57131,1940,0
507.5,537.5,57132,1941,0
509.5,537.5,57133,1942,0
508.5,539.5,57134,1943,0
508.5,537.5,57135,1944,0
509.5,537.5,57136,1945,0
508.5,539.5,57137,1946,0
509.5,537.5,57138,1947,0
509.5,536.5,57139,1948,0
507.5,538.5,57140,1949,0
509.5,536.5,57141,1950,0
509.5,536.5,57142,1951,0
509.5,535.5,57143,1952,0
509.5,536.5,57144,1953,0
508.5,535.5,57145,1954,0
509.5,536.5,57146,1955,0
506.5,536.5,57147,1956,0
508.5,537.5,57148,1957,0
510.5,534.5,57149,1958,0
506.5,535.5,57150,1959,0
508.5,535.5,57151,1960,0
508.5,535.5,57152,1961,0
509.5,535.5,57153,1962,0
506.5,541.5,57154,1963,0
507.5,536.5,57155,1964,0
508.5,534.5,57156,1965,0
509.5,536.5,57157,1966,0
510.5,536.5,57158,1967,0
509.5,536.5,57159,1968,0
509.5,536.5,57160,1969,0
510.5,535.5,57161,1970,0
507.5,536.5,57162,1971,0
511.5,535.5,57163,1972,0
508.5,534.5,57164,1973,0
511.5,534.5,57165,1974,0
512.5,535.5,57166,1975,0
509.5,535.5,57167,1976,0
509.5,536.5,57168,1977,0
510.5,535.5,57169,1978,0
510.5,535.5,57170,1979,0
508.5,533.5,57171,1980,0
508.5,535.5,57172,1981,0
510.5,535.5,57173,1982,0
508.5,533.5,57174,1983,0
511.5,534.5,57175,1984,0
508.5,533.5,57176,1985,0
508.5,534.5,57177,1986,0
510.5,533.5,57178,1987,0
510.5,533.5,57179,1988,0
510.5,534.5,57180,1989,0
509.5,532.5,57181,1990,0
508.5,533.5,57182,1991,0
512.5,534.5,57183,1992,0
510.5,534.5,57184,1993,0
508.5,534.5,57185,1994,0
511.5,532.5,57186,1995,0
511.5,534.5,57187,1996,0
511.5,534.5,57188,1997,0
510.5,534.5,57189,1998,0
510.5,534.5,57190,1999,0
511.5,534.5,57191,2000,0
509.5,533.5,57192,2001,0
512.5,533.5,57193,2002,0
510.5,534.5,57194,2003,0
511.5,533.5,57195,2004,0
509.5,533.5,57196,2005,0
509.5,533.5,57197,2006,0
510.5,535.5,57198,2007,0
511.5,533.5,57199,2008,0
510.5,535.5,57200,2009,0
510.5,534.5,57201,2010,0
512.5,534.5,57202,2011,0
510.5,535.5,57203,2012,0
511.5,536.5,57204,2013,0
512.5,535.5,57205,2014,0
511.5,533.5,57206,2015,0
513.5,533.5,57207,2016,0
513.5,534.5,57208,2017,0
511.5,533.5,57209,2018,0
510.5,534.5,57210,2019,0
513.5,534.5,57211,2020,0
513.5,535.5,57212,2021,0
514.5,535.5,57213,2022,0
511.5,534.5,57214,2023,0
515.5,535.5,57215,2024,0
513.5,535.5,57216,2025,0
515.5,536.5,57217,2026,0
513.5,535.5,57218,2027,0
514.5,536.5,57219,2028,0
513.5,536.5,57220,2029,0
513.5,537.5,57221,2030,0
512.5,535.5,57222,2031,0
516.5,536.5,57223,2032,0
511.5,535.5,57224,2033,0
513.5,538.5,57225,2034,0
514.5,537.5,57226,2035,0
514.5,536.5,57227,2036,0
513.5,537.5,57228,2037,0
512.5,537.5,57229,2038,0
510.5,537.5,57230,2039,0
511.5,535.5,57231,2040,0
511.5,537.5,57232,2041,0
512.5,537.5,57233,2042,0
510.5,537.5,57234,2043,0
512.5,538.5,57235,2044,0
512.5,538.5,57236,2045,0
512.5,536.5,57237,2046,0
513.5,538.5,57238,2047,0
513.5,539.5,57239,2048,0
512.5,538.5,57240,2049,0
512.5,539.5,57241,2050,0
512.5,539.5,57242,2051,0
511.5,538.5,57243,2052,0
512.5,539.5,57244,2053,0
510.5,540.5,57245,2054,0
512.5,539.5,57246,2055,0
510.5,539.5,57247,2056,0
510.5,537.5,57248,2057,0
510.5,538.5,57249,2058,0
510.5,541.5,57250,2059,0
509.5,540.5,57251,2060,0
511.5,539.5,57252,2061,0
510.5,539.5,57253,2062,0
510.5,539.5,57254,2063,0
510.5,539.5,57255,2064,0
509.5,539.5,57256,2065,0
512.5,539.5,57257,2066,0
512.5,539.5,57258,2067,0
509.5,540.5,57259,2068,0
511.5,541.5,57260,2069,0
509.5,539.5,57261,2070,0
510.5,540.5,57262,2071,0
509.5,541.5,57263,2072,0
507.5,542.5,57264,2073,0
508.5,541.5,57265,2074,0
508.5,541.5,57266,2075,0
503.5,542.5,57267,2076,0
509.5,540.5,57268,2077,0
508.5,540.5,57269,2078,0
508.5,540.5,57270,2079,0
509.5,538.5,57271,2080,0
508.5,540.5,57272,2081,0
507.5,540.5,57273,2082,0
506.5,538.5,57274,2083,0
508.5,539.5,57275,2084,0
507.5,539.5,57276,2085,0
507.5,539.5,57277,2086,0
507.5,540.5,57278,2087,0
507.5,539.5,57279,2088,0
507.5,540.5,57280,2089,0
507.5,540.5,57281,2090,0
507.5,542.5,57282,2091,0
506.5,540.5,57283,2092,0
506.5,541.5,57284,2093,0
504.5,540.5,57285,2094,0
506.5,540.5,57286,2095,0
505.5,538.5,57287,2096,0
501.5,540.5,57288,2097,0
507.5,539.5,57289,2098,0
504.5,540.5,57290,2099,0
505.5,540.5,57291,2100,0
504.5,540.5,57292,2101,0
505.5,539.5,57293,2102,0
505.5,538.5,57294,2103,0
505.5,539.5,57295,2104,0
506.5,538.5,57296,2105,0
505.5,539.5,57297,2106,0
506.5,538.5,57298,2107,0
505.5,539.5,57299,2108,0
506.5,539.5,57300,2109,0
505.5,538.5,57301,2110,0
504.5,537.5,57302,2111,0
506.5,538.5,57303,2112,0
504.5,537.5,57304,2113,0
506.5,538.5,57305,2114,0
506.5,537.5,57306,2115,0
504.5,537.5,57307,2116,0
505.5,538.5,57308,2117,0
503.5,537.5,57309,2118,0
506.5,539.5,57310,2119,0
505.5,539.5,57311,2120,0
505.5,539.5,57312,2121,0
503.5,538.5,57313,2122,0
506.5,540.5,57314,2123,0
504.5,537.5,57315,2124,0
504.5,539.5,57316,2125,0
508.5,537.5,57317,2126,0
506.5,538.5,57318,2127,0
505.5,539.5,57319,2128,0
507.5,538.5,57320,2129,0
507.5,540.5,57321,2130,0
504.5,538.5,57322,2131,0
508.5,536.5,57323,2132,0
508.5,538.5,57324,2133,0
509.5,539.5,57325,2134,0
507.5,540.5,57326,2135,0
507.5,540.5,57327,2136,0
507.5,540.5,57328,2137,0
505.5,539.5,57329,2138,0
506.5,538.5,57330,2139,0
509.5,539.5,57331,2140,0
506.5,539.5,57332,2141,0
509.5,539.5,57333,2142,0
509.5,540.5,57334,2143,0
509.5,540.5,57335,2144,0
509.5,540.5,57336,2145,0
509.5,539.5,57337,2146,0
509.5,538.5,57338,2147,0
507.5,539.5,57339,2148,0
509.5,541.5,57340,2149,0
510.5,539.5,57341,2150,0
509.5,541.5,57342,2151,0
510.5,539.5,57343,2152,0
510.5,538.5,57344,2153,0
512.5,540.5,57345,2154,0
510.5,540.5,57346,2155,0
509.5,541.5,57347,2156,0
510.5,539.5,57348,2157,0
510.5,540.5,57349,2158,0
509.5,539.5,57350,2159,0
507.5,541.5,57351,2160,0
507.5,540.5,57352,2161,0
508.5,540.5,57353,2162,0
509.5,539.5,57354,2163,0
507.5,540.5,57355,2164,0
509.5,539.5,57356,2165,0
506.5,539.5,57357,2166,0
507.5,538.5,57358,2167,0
506.5,539.5,57359,2168,0
508.5,538.5,57360,2169,0
507.5,538.5,57361,2170,0
507.5,538.5,57362,2171,0
509.5,539.5,57363,2172,0
509.5,539.5,57364,2173,0
509.5,538.5,57365,2174,0
507.5,537.5,57366,2175,0
508.5,539.5,57367,2176,0
509.5,538.5,57368,2177,0
509.5,539.5,57369,2178,0
506.5,538.5,57370,2179,0
508.5,538.5,57371,2180,0
507.5,539.5,57372,2181,0
507.5,538.5,57373,2182,0
507.5,539.5,57374,2183,0
509.5,538.5,57375,2184,0
507.5,538.5,57376,2185,0
507.5,539.5,57377,2186,0
504.5,538.5,57378,2187,0
505.5,538.5,57379,2188,0
507.5,536.5,57380,2189,0
506.5,538.5,57381,2190,0
507.5,538.5,57382,2191,0
506.5,541.5,57383,2192,0
509.5,538.5,57384,2193,0
507.5,538.5,57385,2194,0
508.5,539.5,57386,2195,0
507.5,538.5,57387,2196,0
504.5,537.5,57388,2197,0
506.5,537.5,57389,2198,0
505.5,537.5,57390,2199,0
504.5,536.5,57391,2200,0
507.5,539.5,57392,2201,0
508.5,538.5,57393,2202,0
506.5,538.5,57394,2203,0
506.5,536.5,57395,2204,0
507.5,537.5,57396,2205,0
507.5,537.5,57397,2206,0
506.5,536.5,57398,2207,0
507.5,537.5,57399,2208,0
504.5,536.5,57400,2209,0
506.5,536.5,57401,2210,0
506.5,535.5,57402,2211,0
506.5,536.5,57403,2212,0
504.5,535.5,57404,2213,0
506.5,535.5,57405,2214,0
504.5,535.5,57406,2215,0
507.5,537.5,57407,2216,0
506.5,535.5,57408,2217,0
506.5,535.5,57409,2218,0
506.5,533.5,57410,2219,0
504.5,533.5,57411,2220,0
506.5,535.5,57412,2221,0
506.5,535.5,57413,2222,0
507.5,536.5,57414,2223,0
505.5,536.5,57415,2224,0
507.5,535.5,57416,2225,0
504.5,537.5,57417,2226,0
503.5,536.5,57418,2227,0
505.5,538.5,57419,2228,0
505.5,534.5,57420,2229,0
505.5,536.5,57421,2230,0
506.5,536.5,57422,2231,0
506.5,536.5,57423,2232,0
503.5,535.5,57424,2233,0
505.5,536.5,57425,2234,0
504.5,538.5,57426,2235,0
506.5,536.5,57427,2236,0
505.5,537.5,57428,2237,0
505.5,538.5,57429,2238,0
504.5,535.5,57430,2239,0
504.5,538.5,57431,2240,0
507.5,537.5,57432,2241,0
503.5,536.5,57433,2242,0
504.5,539.5,57434,2243,0
504.5,537.5,57435,2244,0
505.5,536.5,57436,2245,0
504.5,537.5,57437,2246,0
502.5,535.5,57438,2247,0
503.5,538.5,57439,2248,0
504.5,535.5,57440,2249,0
502.5,536.5,57441,2250,0
504.5,535.5,57442,2251,0
503.5,536.5,57443,2252,0
505.5,536.5,57444,2253,0
502.5,536.5,57445,2254,0
500.5,535.5,57446,2255,0
503.5,536.5,57447,2256,0
504.5,533.5,57448,2257,0
503.5,536.5,57449,2258,0
501.5,538.5,57450,2259,0
504.5,536.5,57451,2260,0
502.5,535.5,57452,2261,0
500.5,535.5,57453,2262,0
502.5,536.5,57454,2263,0
501.5,533.5,57455,2264,0
502.5,536.5,57456,2265,0
500.5,535.5,57457,2266,0
503.5,534.5,57458,2267,0
500.5,536.5,57459,2268,0
502.5,535.5,57460,2269,0
501.5,535.5,57461,2270,0
501.5,535.5,57462,2271,0
500.5,535.5,57463,2272,0
504.5,536.5,57464,2273,0
503.5,535.5,57465,2274,0
500.5,536.5,57466,2275,0
499.5,537.5,57467,2276,0
502.5,536.5,57468,2277,0
502.5,536.5,57469,2278,0
501.5,537.5,57470,2279,0
501.5,537.5,57471,2280,0
502.5,537.5,57472,2281,0
500.5,536.5,57473,2282,0
501.5,536.5,57474,2283,0
502.5,536.5,57475,2284,0
502.5,535.5,57476,2285,0
502.5,536.5,57477,2286,0
502.5,536.5,57478,2287,0
500.5,535.5,57479,2288,0
502.5,536.5,57480,2289,0
500.5,538.5,57481,2290,0
500.5,536.5,57482,2291,0
501.5,535.5,57483,2292,0
501.5,535.5,57484,2293,0
500.5,536.5,57485,2294,0
501.5,536.5,57486,2295,0
500.5,537.5,57487,2296,0
499.5,537.5,57488,2297,0
501.5,537.5,57489,2298,0
500.5,538.5,57490,2299,0
501.5,537.5,57491,2300,0
501.5,539.5,57492,2301,0
499.5,538.5,57493,2302,0
501.5,539.5,57494,2303,0
500.5,537.5,57495,2304,0
500.5,539.5,57496,2305,0
500.5,538.5,57497,2306,0
501.5,538.5,57498,2307,0
501.5,539.5,57499,2308,0
501.5,539.5,57500,2309,0
501.5,540.5,57501,2310,0
501.5,538.5,57502,2311,0
501.5,538.5,57503,2312,0
500.5,540.5,57504,2313,0
501.5,541.5,57505,2314,0
502.5,540.5,57506,2315,0
500.5,542.5,57507,2316,0
501.5,540.5,57508,2317,0
501.5,540.5,57509,2318,0
502.5,542.5,57510,2319,0
502.5,540.5,57511,2320,0
500.5,539.5,57512,2321,0
501.5,542.5,57513,2322,0
500.5,540.5,57514,2323,0
502.5,540.5,57515,2324,0
503.5,541.5,57516,2325,0
502.5,542.5,57517,2326,0
501.5,543.5,57518,2327,0
503.5,541.5,57519,2328,0
501.5,543.5,57520,2329,0
504.5,540.5,57521,2330,0
500.5,542.5,57522,2331,0
503.5,542.5,57523,2332,0
502.5,542.5,57524,2333,0
502.5,541.5,57525,2334,0
503.5,542.5,57526,2335,0
501.5,542.5,57527,2336,0
503.5,544.5,57528,2337,0
501.5,542.5,57529,2338,0
503.5,543.5,57530,2339,0
502.5,543.5,57531,2340,0
502.5,543.5,57532,2341,0
502.5,542.5,57533,2342,0
502.5,540.5,57534,2343,0
502.5,543.5,57535,2344,0
503.5,540.5,57536,2345,0
501.5,540.5,57537,2346,0
502.5,541.5,57538,2347,0
503.5,541.5,57539,2348,0
502.5,542.5,57540,2349,0
503.5,540.5,57541,2350,0
504.5,540.5,57542,2351,0
504.5,540.5,57543,2352,0
504.5,541.5,57544,2353,0
504.5,540.5,57545,2354,0
503.5,542.5,57546,2355,0
503.5,540.5,57547,2356,0
504.5,539.5,57548,2357,0
503.5,540.5,57549,2358,0
502.5,539.5,57550,2359,0
505.5,539.5,57551,2360,0
504.5,542.5,57552,2361,0
502.5,541.5,57553,2362,0
504.5,541.5,57554,2363,0
502.5,539.5,57555,2364,0
504.5,540.5,57556,2365,0
504.5,540.5,57557,2366,0
504.5,539.5,57558,2367,0
504.5,540.5,57559,2368,0
501.5,539.5,57560,2369,0
504.5,540.5,57561,2370,0
503.5,540.5,57562,2371,0
504.5,539.5,57563,2372,0
502.5,540.5,57564,2373,0
503.5,538.5,57565,2374,0
503.5,541.5,57566,2375,0
501.5,538.5,57567,2376,0
504.5,539.5,57568,2377,0
503.5,541.5,57569,2378,0
504.5,538.5,57570,2379,0
502.5,540.5,57571,2380,0
503.5,538.5,57572,2381,0
502.5,540.5,57573,2382,0
503.5,538.5,57574,2383,0
503.5,537.5,57575,2384,0
503.5,537.5,57576,2385,0
502.5,540.5,57577,2386,0
503.5,538.5,57578,2387,0
502.5,537.5,57579,2388,0
503.5,537.5,57580,2389,0
503.5,538.5,57581,2390,0
501.5,537.5,57582,2391,0
502.5,538.5,57583,2392,0
502.5,540.5,57584,2393,0
500.5,536.5,57585,2394,0
502.5,537.5,57586,2395,0
502.5,537.5,57587,2396,0
500.5,536.5,57588,2397,0
502.5,535.5,57589,2398,0
499.5,537.5,57590,2399,0
498.5,537.5,57591,2400,0
500.5,537.5,57592,2401,0
498.5,536.5,57593,2402,0
498.5,538.5,57594,2403,0
500.5,537.5,57595,2404,0
500.5,538.5,57596,2405,0
499.5,539.5,57597,2406,0
498.5,537.5,57598,2407,0
500.5,538.5,57599,2408,0
498.5,537.5,57600,2409,0
500.5,538.5,57601,2410,0
498.5,539.5,57602,2411,0
499.5,539.5,57603,2412,0
499.5,537.5,57604,2413,0
498.5,540.5,57605,2414,0
499.5,538.5,57606,2415,0
499.5,538.5,57607,2416,0
498.5,537.5,57608,2417,0
496.5,538.5,57609,2418,0
498.5,539.5,57610,2419,0
498.5,540.5,57611,2420,0
499.5,536.5,57612,2421,0
498.5,538.5,57613,2422,0
499.5,538.5,57614,2423,0
498.5,537.5,57615,2424,0
498.5,538.5,57616,2425,0
499.5,540.5,57617,2426,0
498.5,539.5,57618,2427,0
496.5,538.5,57619,2428,0
496.5,540.5,57620,2429,0
498.5,539.5,57621,2430,0
499.5,538.5,57622,2431,0
498.5,539.5,57623,2432,0
496.5,538.5,57624,2433,0
498.5,539.5,57625,2434,0
496.5,539.5,57626,2435,0
496.5,537.5,57627,2436,0
497.5,539.5,57628,2437,0
496.5,538.5,57629,2438,0
496.5,537.5,57630,2439,0
497.5,538.5,57631,2440,0
497.5,536.5,57632,2441,0
498.5,537.5,57633,2442,0
496.5,536.5,57634,2443,0
497.5,538.5,57635,2444,0
497.5,538.5,57636,2445,0
497.5,538.5,57637,2446,0
497.5,537.5,57638,2447,0
497.5,537.5,57639,2448,0
497.5,538.5,57640,2449,0
496.5,538.5,57641,2450,0
497.5,538.5,57642,2451,0
495.5,539.5,57643,2452,0
497.5,537.5,57644,2453,0
495.5,537.5,57645,2454,0
498.5,537.5,57646,2455,0
495.5,538.5,57647,2456,0
497.5,539.5,57648,2457,0
497.5,538.5,57649,2458,0
497.5,537.5,57650,2459,0
497.5,537.5,57651,2460,0
497.5,537.5,57652,2461,0
496.5,537.5,57653,2462,0
495.5,538.5,57654,2463,0
497.5,537.5,57655,2464,0
496.5,537.5,57656,2465,0
496.5,537.5,57657,2466,0
497.5,537.5,57658,2467,0
496.5,538.5,57659,2468,0
497.5,537.5,57660,2469,0
497.5,538.5,57661,2470,0
495.5,538.5,57662,2471,0
494.5,537.5,57663,2472,0
495.5,537.5,57664,2473,0
495.5,537.5,57665,2474,0
497.5,538.5,57666,2475,0
498.5,538.5,57667,2476,0
498.5,540.5,57668,2477,0
497.5,538.5,57669,2478,0
497.5,538.5,57670,2479,0
496.5,538.5,57671,2480,0
499.5,537.5,57672,2481,0
498.5,538.5,57673,2482,0
499.5,538.5,57674,2483,0
499.5,538.5,57675,2484,0
499.5,539.5,57676,2485,0
497.5,538.5,57677,2486,0
500.5,539.5,57678,2487,0
500.5,537.5,57679,2488,0
500.5,536.5,57680,2489,0
498.5,536.5,57681,2490,0
501.5,534.5,57682,2491,0
500.5,535.5,57683,2492,0
500.5,535.5,57684,2493,0
499.5,535.5,57685,2494,0
502.5,535.5,57686,2495,0
502.5,535.5,57687,2496,0
501.5,537.5,57688,2497,0
501.5,537.5,57689,2498,0
502.5,536.5,57690,2499,0
501.5,535.5,57691,2500,0
503.5,535.5,57692,2501,0
504.5,535.5,57693,2502,0
502.5,535.5,57694,2503,0
502.5,536.5,57695,2504,0
503.5,537.5,57696,2505,0
503.5,536.5,57697,2506,0
504.5,538.5,57698,2507,0
505.5,537.5,57699,2508,0
504.5,536.5,57700,2509,0
504.5,534.5,57701,2510,0
503.5,534.5,57702,2511,0
505.5,534.5,57703,2512,0
505.5,535.5,57704,2513,0
506.5,539.5,57705,2514,0
506.5,534.5,57706,2515,0
505.5,535.5,57707,2516,0
503.5,534.5,57708,2517,0
505.5,534.5,57709,2518,0
505.5,533.5,57710,2519,0
506.5,533.5,57711,2520,0
506.5,533.5,57712,2521,0
504.5,534.5,57713,2522,0
504.5,533.5,57714,2523,0
504.5,533.5,57715,2524,0
503.5,532.5,57716,2525,0
506.5,533.5,57717,2526,0
507.5,532.5,57718,2527,0
506.5,534.5,57719,2528,0
506.5,534.5,57720,2529,0
506.5,531.5,57721,2530,0
507.5,532.5,57722,2531,0
507.5,531.5,57723,2532,0
504.5,531.5,57724,2533,0
504.5,531.5,57725,2534,0
504.5,530.5,57726,2535,0
504.5,531.5,57727,2536,0
503.5,531.5,57728,2537,0
504.5,531.5,57729,2538,0
504.5,530.5,57730,2539,0
505.5,530.5,57731,2540,0
502.5,530.5,57732,2541,0
505.5,530.5,57733,2542,0
504.5,530.5,57734,2543,0
505.5,530.5,57735,2544,0
504.5,530.5,57736,2545,0
502.5,532.5,57737,2546,0
504.5,530.5,57738,2547,0
504.5,533.5,57739,2548,0
505.5,530.5,57740,2549,0
504.5,531.5,57741,2550,0
504.5,533.5,57742,2551,0
501.5,530.5,57743,2552,0
500.5,531.5,57744,2553,0
502.5,533.5,57745,2554,0
503.5,531.5,57746,2555,0
503.5,531.5,57747,2556,0
502.5,533.5,57748,2557,0
502.5,533.5,57749,2558,0
503.5,534.5,57750,2559,0
500.5,532.5,57751,2560,0
503.5,534.5,57752,2561,0
503.5,531.5,57753,2562,0
501.5,532.5,57754,2563,0
502.5,532.5,57755,2564,0
500.5,533.5,57756,2565,0
500.5,532.5,57757,2566,0
503.5,532.5,57758,2567,0
502.5,532.5,57759,2568,0
501.5,532.5,57760,2569,0
501.5,532.5,57761,2570,0
504.5,533.5,57762,2571,0
504.5,532.5,57763,2572,0
504.5,532.5,57764,2573,0
502.5,532.5,57765,2574,0
503.5,532.5,57766,2575,0
503.5,534.5,57767,2576,0
502.5,531.5,57768,2577,0
502.5,532.5,57769,2578,0
503.5,533.5,57770,2579,0
504.5,532.5,57771,2580,0
503.5,532.5,57772,2581,0
504.5,535.5,57773,2582,0
504.5,532.5,57774,2583,0
504.5,532.5,57775,2584,0
504.5,532.5,57776,2585,0
503.5,534.5,57777,2586,0
504.5,533.5,57778,2587,0
504.5,535.5,57779,2588,0
504.5,534.5,57780,2589,0
504.5,533.5,57781,2590,0
504.5,531.5,57782,2591,0
503.5,533.5,57783,2592,0
504.5,533.5,57784,2593,0
505.5,533.5,57785,2594,0
502.5,533.5,57786,2595,0
505.5,534.5,57787,2596,0
502.5,532.5,57788,2597,0
505.5,533.5,57789,2598,0
504.5,533.5,57790,2599,0
503.5,532.5,57791,2600,0
505.5,535.5,57792,2601,0
505.5,532.5,57793,2602,0
503.5,531.5,57794,2603,0
504.5,532.5,57795,2604,0
506.5,531.5,57796,2605,0
506.5,533.5,57797,2606,0
505.5,531.5,57798,2607,0
505.5,530.5,57799,2608,0
505.5,530.5,57800,2609,0
504.5,532.5,57801,2610,0
506.5,531.5,57802,2611,0
506.5,530.5,57803,2612,0
506.5,530.5,57804,2613,0
505.5,532.5,57805,2614,0
505.5,532.5,57806,2615,0
508.5,530.5,57807,2616,0
507.5,529.5,57808,2617,0
507.5,529.5,57809,2618,0
507.5,531.5,57810,2619,0
505.5,531.5,57811,2620,0
507.5,528.5,57812,2621,0
506.5,530.5,57813,2622,0
505.5,530.5,57814,2623,0
505.5,529.5,57815,2624,0
507.5,527.5,57816,2625,0
507.5,528.5,57817,2626,0
506.5,527.5,57818,2627,0
507.5,528.5,57819,2628,0
506.5,528.5,57820,2629,0
506.5,527.5,57821,2630,0
507.5,527.5,57822,2631,0
507.5,527.5,57823,2632,0
507.5,530.5,57824,2633,0
507.5,528.5,57825,2634,0
508.5,525.5,57826,2635,0
508.5,527.5,57827,2636,0
508.5,527.5,57828,2637,0
507.5,527.5,57829,2638,0
508.5,526.5,57830,2639,0
508.5,527.5,57831,2640,0
506.5,526.5,57832,2641,0
507.5,527.5,57833,2642,0
509.5,528.5,57834,2643,0
508.5,526.5,57835,2644,0
507.5,527.5,57836,2645,0
508.5,526.5,57837,2646,0
508.5,527.5,57838,2647,0
507.5,526.5,57839,2648,0
506.5,528.5,57840,2649,0
507.5,527.5,57841,2650,0
507.5,527.5,57842,2651,0
506.5,527.5,57843,2652,0
507.5,527.5,57844,2653,0
507.5,525.5,57845,2654,0
505.5,526.5,57846,2655,0
507.5,527.5,57847,2656,0
506.5,528.5,57848,2657,0
506.5,527.5,57849,2658,0
506.5,528.5,57850,2659,0
506.5,528.5,57851,2660,0
506.5,528.5,57852,2661,0
504.5,528.5,57853,2662,0
506.5,528.5,57854,2663,0
505.5,528.5,57855,2664,0
505.5,527.5,57856,2665,0
506.5,528.5,57857,2666,0
506.5,527.5,57858,2667,0
507.5,528.5,57859,2668,0
506.5,527.5,57860,2669,0
504.5,527.5,57861,2670,0
507.5,527.5,57862,2671,0
507.5,527.5,57863,2672,0
506.5,526.5,57864,2673,0
505.5,527.5,57865,2674,0
507.5,527.5,57866,2675,0
506.5,529.5,57867,2676,0
507.5,528.5,57868,2677,0
505.5,527.5,57869,2678,0
504.5,528.5,57870,2679,0
507.5,528.5,57871,2680,0
505.5,527.5,57872,2681,0
505.5,528.5,57873,2682,0
507.5,528.5,57874,2683,0
507.5,528.5,57875,2684,0
508.5,530.5,57876,2685,0
507.5,528.5,57877,2686,0
505.5,529.5,57878,2687,0
506.5,529.5,57879,2688,0
508.5,529.5,57880,2689,0
507.5,529.5,57881,2690,0
507.5,529.5,57882,2691,0
508.5,530.5,57883,2692,0
505.5,531.5,57884,2693,0
507.5,532.5,57885,2694,0
507.5,531.5,57886,2695,0
508.5,531.5,57887,2696,0
508.5,531.5,57888,2697,0
508.5,532.5,57889,2698,0
507.5,532.5,57890,2699,0
508.5,532.5,57891,2700,0
508.5,535.5,57892,2701,0
508.5,532.5,57893,2702,0
507.5,532.5,57894,2703,0
508.5,534.5,57895,2704,0
508.5,535.5,57896,2705,0
508.5,534.5,57897,2706,0
508.5,533.5,57898,2707,0
509.5,532.5,57899,2708,0
508.5,534.5,57900,2709,0
506.5,533.5,57901,2710,0
508.5,534.5,57902,2711,0
510.5,533.5,57903,2712,0
506.5,534.5,57904,2713,0
508.5,535.5,57905,2714,0
508.5,534.5,57906,2715,0
507.5,536.5,57907,2716,0
509.5,534.5,57908,2717,0
508.5,536.5,57909,2718,0
509.5,535.5,57910,2719,0
506.5,534.5,57911,2720,0
508.5,535.5,57912,2721,0
506.5,535.5,57913,2722,0
508.5,534.5,57914,2723,0
508.5,535.5,57915,2724,0
508.5,534.5,57916,2725,0
509.5,535.5,57917,2726,0
508.5,535.5,57918,2727,0
509.5,534.5,57919,2728,0
508.5,534.5,57920,2729,0
508.5,534.5,57921,2730,0
509.5,535.5,57922,2731,0
507.5,535.5,57923,2732,0
509.5,535.5,57924,2733,0
509.5,534.5,57925,2734,0
507.5,535.5,57926,2735,0
509.5,534.5,57927,2736,0
509.5,533.5,57928,2737,0
507.5,534.5,57929,2738,0
510.5,534.5,57930,2739,0
510.5,533.5,57931,2740,0
509.5,536.5,57932,2741,0
509.5,535.5,57933,2742,0
510.5,534.5,57934,2743,0
511.5,534.5,57935,2744,0
510.5,534.5,57936,2745,0
510.5,534.5,57937,2746,0
510.5,533.5,57938,2747,0
511.5,535.5,57939,2748,0
509.5,533.5,57940,2749,0
510.5,533.5,57941,2750,0
511.5,533.5,57942,2751,0
511.5,532.5,57943,2752,0
509.5,532.5,57944,2753,0
509.5,535.5,57945,2754,0
509.5,535.5,57946,2755,0
511.5,531.5,57947,2756,0
508.5,533.5,57948,2757,0
512.5,535.5,57949,2758,0
510.5,531.5,57950,2759,0
510.5,534.5,57951,2760,0
508.5,534.5,57952,2761,0
510.5,533.5,57953,2762,0
509.5,534.5,57954,2763,0
510.5,533.5,57955,2764,0
511.5,534.5,57956,2765,0
511.5,533.5,57957,2766,0
510.5,534.5,57958,2767,0
511.5,533.5,57959,2768,0
510.5,533.5,57960,2769,0
510.5,533.5,57961,2770,0
510.5,533.5,57962,2771,0
510.5,532.5,57963,2772,0
512.5,534.5,57964,2773,0
511.5,534.5,57965,2774,0
510.5,535.5,57966,2775,0
511.5,535.5,57967,2776,0
510.5,534.5,57968,2777,0
511.5,533.5,57969,2778,0
512.5,533.5,57970,2779,0
511.5,534.5,57971,2780,0
511.5,534.5,57972,2781,0
511.5,534.5,57973,2782,0
509.5,535.5,57974,2783,0
511.5,532.5,57975,2784,0
509.5,535.5,57976,2785,0
510.5,534.5,57977,2786,0
511.5,534.5,57978,2787,0
509.5,532.5,57979,2788,0
511.5,534.5,57980,2789,0
511.5,536.5,57981,2790,0
510.5,533.5,57982,2791,0
509.5,535.5,57983,2792,0
510.5,534.5,57984,2793,0
510.5,535.5,57985,2794,0
512.5,535.5,57986,2795,0
510.5,535.5,57987,2796,0
510.5,534.5,57988,2797,0
510.5,534.5,57989,2798,0
511.5,535.5,57990,2799,0
511.5,535.5,57991,2800,0
511.5,534.5,57992,2801,0
510.5,536.5,57993,2802,0
508.5,533.5,57994,2803,0
509.5,534.5,57995,2804,0
510.5,535.5,57996,2805,0
510.5,535.5,57997,2806,0
509.5,535.5,57998,2807,0
509.5,535.5,57999,2808,0
510.5,535.5,58000,2809,0
509.5,536.5,58001,2810,0
507.5,536.5,58002,2811,0
509.5,538.5,58003,2812,0
507.5,537.5,58004,2813,0
507.5,536.5,58005,2814,0
509.5,536.5,58006,2815,0
507.5,535.5,58007,2816,0
507.5,538.5,58008,2817,0
507.5,537.5,58009,2818,0
508.5,537.5,58010,2819,0
508.5,537.5,58011,2820,0
506.5,537.5,58012,2821,0
506.5,538.5,58013,2822,0
508.5,538.5,58014,2823,0
508.5,539.5,58015,2824,0
506.5,537.5,58016,2825,0
508.5,539.5,58017,2826,0
508.5,538.5,58018,2827,0
509.5,537.5,58019,2828,0
508.5,540.5,58020,2829,0
507.5,538.5,58021,2830,0
508.5,538.5,58022,2831,0
507.5,541.5,58023,2832,0
506.5,539.5,58024,2833,0
507.5,539.5,58025,2834,0
506.5,537.5,58026,2835,0
507.5,540.5,58027,2836,0
507.5,538.5,58028,2837,0
507.5,540.5,58029,2838,0
507.5,539.5,58030,2839,0
508.5,539.5,58031,2840,0
507.5,538.5,58032,2841,0
507.5,540.5,58033,2842,0
508.5,538.5,58034,2843,0
506.5,537.5,58035,2844,0
508.5,538.5,58036,2845,0
508.5,537.5,58037,2846,0
507.5,538.5,58038,2847,0
508.5,537.5,58039,2848,0
507.5,538.5,58040,2849,0
507.5,537.5,58041,2850,0
508.5,538.5,58042,2851,0
505.5,538.5,58043,2852,0
507.5,538.5,58044,2853,0
507.5,538.5,58045,2854,0
507.5,537.5,58046,2855,0
508.5,536.5,58047,2856,0
508.5,536.5,58048,2857,0
505.5,536.5,58049,2858,0
508.5,536.5,58050,2859,0
507.5,537.5,58051,2860,0
506.5,539.5,58052,2861,0
506.5,536.5,58053,2862,0
506.5,537.5,58054,2863,0
506.5,536.5,58055,2864,0
509.5,537.5,58056,2865,0
506.5,536.5,58057,2866,0
507.5,537.5,58058,2867,0
505.5,535.5,58059,2868,0
507.5,538.5,58060,2869,0
507.5,536.5,58061,2870,0
505.5,536.5,58062,2871,0
507.5,536.5,58063,2872,0
507.5,537.5,58064,2873,0
506.5,536.5,58065,2874,0
506.5,536.5,58066,2875,0
504.5,536.5,58067,2876,0
506.5,534.5,58068,2877,0
506.5,536.5,58069,2878,0
506.5,538.5,58070,2879,0
505.5,536.5,58071,2880,0
505.5,537.5,58072,2881,0
504.5,535.5,58073,2882,0
506.5,536.5,58074,2883,0
504.5,538.5,58075,2884,0
506.5,536.5,58076,2885,0
505.5,539.5,58077,2886,0
503.5,537.5,58078,2887,0
504.5,536.5,58079,2888,0
504.5,536.5,58080,2889,0
506.5,538.5,58081,2890,0
506.5,537.5,58082,2891,0
505.5,540.5,58083,2892,0
505.5,537.5,58084,2893,0
504.5,539.5,58085,2894,0
504.5,537.5,58086,2895,0
504.5,538.5,58087,2896,0
506.5,537.5,58088,2897,0
504.5,537.5,58089,2898,0
507.5,538.5,58090,2899,0
506.5,540.5,58091,2900,0
504.5,539.5,58092,2901,0
506.5,537.5,58093,2902,0
504.5,539.5,58094,2903,0
506.5,541.5,58095,2904,0
507.5,538.5,58096,2905,0
506.5,539.5,58097,2906,0
504.5,538.5,58098,2907,0
506.5,540.5,58099,2908,0
507.5,539.5,58100,2909,0
507.5,540.5,58101,2910,0
506.5,540.5,58102,2911,0
506.5,537.5,58103,2912,0
507.5,538.5,58104,2913,0
506.5,537.5,58105,2914,0
507.5,538.5,58106,2915,0
507.5,538.5,58107,2916,0
506.5,538.5,58108,2917,0
504.5,537.5,58109,2918,0
505.5,540.5,58110,2919,0
505.5,538.5,58111,2920,0
505.5,538.5,58112,2921,0
504.5,537.5,58113,2922,0
506.5,538.5,58114,2923,0
507.5,536.5,58115,2924,0
506.5,537.5,58116,2925,0
506.5,537.5,58117,2926,0
506.5,539.5,58118,2927,0
506.5,538.5,58119,2928,0
504.5,536.5,58120,2929,0
506.5,537.5,58121,2930,0
506.5,533.5,58122,2931,0
507.5,534.5,58123,2932,0
506.5,536.5,58124,2933,0
506.5,536.5,58125,2934,0
505.5,538.5,58126,2935,0
506.5,534.5,58127,2936,0
504.5,536.5,58128,2937,0
504.5,536.5,58129,2938,0
506.5,536.5,58130,2939,0
505.5,537.5,58131,2940,0
509.5,532.5,58132,2941,0
505.5,536.5,58133,2942,0
505.5,537.5,58134,2943,0
506.5,536.5,58135,2944,0
505.5,538.5,58136,2945,0
504.5,535.5,58137,2946,0
505.5,537.5,58138,2947,0
505.5,535.5,58139,2948,0
504.5,538.5,58140,2949,0
505.5,540.5,58141,2950,0
505.5,537.5,58142,2951,0
504.5,537.5,58143,2952,0
504.5,536.5,58144,2953,0
504.5,538.5,58145,2954,0
505.5,537.5,58146,2955,0
502.5,538.5,58147,2956,0
505.5,538.5,58148,2957,0
505.5,538.5,58149,2958,0
504.5,538.5,58150,2959,0
504.5,539.5,58151,2960,0
505.5,538.5,58152,2961,0
503.5,540.5,58153,2962,0
503.5,538.5,58154,2963,0
502.5,540.5,58155,2964,0
503.5,539.5,58156,2965,0
503.5,540.5,58157,2966,0
504.5,539.5,58158,2967,0
503.5,540.5,58159,2968,0
504.5,540.5,58160,2969,0
504.5,541.5,58161,2970,0
504.5,541.5,58162,2971,0
501.5,540.5,58163,2972,0
503.5,539.5,58164,2973,0
503.5,541.5,58165,2974,0
504.5,539.5,58166,2975,0
502.5,538.5,58167,2976,0
503.5,539.5,58168,2977,0
503.5,540.5,58169,2978,0
501.5,539.5,58170,2979,0
501.5,540.5,58171,2980,0
503.5,540.5,58172,2981,0
504.5,538.5,58173,2982,0
503.5,538.5,58174,2983,0
501.5,538.5,58175,2984,0
502.5,538.5,58176,2985,0
503.5,538.5,58177,2986,0
501.5,539.5,58178,2987,0
503.5,538.5,58179,2988,0
501.5,538.5,58180,2989,0
503.5,539.5,58181,2990,0
502.5,537.5,58182,2991,0
503.5,538.5,58183,2992,0
502.5,537.5,58184,2993,0
502.5,540.5,58185,2994,0
502.5,537.5,58186,2995,0
504.5,537.5,58187,2996,0
500.5,536.5,58188,2997,0
502.5,540.5,58189,2998,0
502.5,536.5,58190,2999,0
502.5,539.5,58191,3000,0
501.5,538.5,58192,3001,0
500.5,536.5,58193,3002,0
502.5,538.5,58194,3003,0
503.5,536.5,58195,3004,0
501.5,536.5,58196,3005,0
502.5,536.5,58197,3006,0
503.5,536.5,58198,3007,0
503.5,537.5,58199,3008,0
503.5,536.5,58200,3009,0
501.5,536.5,58201,3010,0
503.5,536.5,58202,3011,0
503.5,536.5,58203,3012,0
504.5,536.5,58204,3013,0
503.5,536.5,58205,3014,0
503.5,536.5,58206,3015,0
503.5,538.5,58207,3016,0
504.5,534.5,58208,3017,0
502.5,536.5,58209,3018,0
503.5,536.5,58210,3019,0
503.5,535.5,58211,3020,0
505.5,536.5,58212,3021,0
505.5,533.5,58213,3022,0
502.5,535.5,58214,3023,0
504.5,535.5,58215,3024,0
504.5,533.5,58216,3025,0
504.5,537.5,58217,3026,0
504.5,535.5,58218,3027,0
505.5,534.5,58219,3028,0
504.5,534.5,58220,3029,0
504.5,534.5,58221,3030,0
505.5,532.5,58222,3031,0
505.5,533.5,58223,3032,0
506.5,533.5,58224,3033,0
504.5,534.5,58225,3034,0
505.5,534.5,58226,3035,0
505.5,533.5,58227,3036,0
507.5,533.5,58228,3037,0
507.5,534.5,58229,3038,0
507.5,534.5,58230,3039,0
507.5,533.5,58231,3040,0
508.5,533.5,58232,3041,0
506.5,533.5,58233,3042,0
508.5,534.5,58234,3043,0
508.5,534.5,58235,3044,0
508.5,534.5,58236,3045,0
507.5,534.5,58237,3046,0
508.5,533.5,58238,3047,0
510.5,533.5,58239,3048,0
508.5,532.5,58240,3049,0
510.5,533.5,58241,3050,0
511.5,532.5,58242,3051,0
509.5,534.5,58243,3052,0
509.5,534.5,58244,3053,0
510.5,532.5,58245,3054,0
510.5,532.5,58246,3055,0
511.5,533.5,58247,3056,0
509.5,533.5,58248,3057,0
510.5,533.5,58249,3058,0
509.5,533.5,58250,3059,0
510.5,532.5,58251,3060,0
511.5,532.5,58252,3061,0
512.5,532.5,58253,3062,0
511.5,533.5,58254,3063,0
511.5,532.5,58255,3064,0
511.5,533.5,58256,3065,0
513.5,531.5,58257,3066,0
512.5,532.5,58258,3067,0
513.5,531.5,58259,3068,0
512.5,532.5,58260,3069,0
513.5,532.5,58261,3070,0
513.5,531.5,58262,3071,0
513.5,531.5,58263,3072,0
512.5,533.5,58264,3073,0
512.5,530.5,58265,3074,0
514.5,531.5,58266,3075,0
513.5,531.5,58267,3076,0
514.5,531.5,58268,3077,0
513.5,532.5,58269,3078,0
514.5,530.5,58270,3079,0
512.5,531.5,58271,3080,0
514.5,532.5,58272,3081,0
514.5,532.5,58273,3082,0
516.5,531.5,58274,3083,0
515.5,531.5,58275,3084,0
514.5,531.5,58276,3085,0
515.5,529.5,58277,3086,0
515.5,528.5,58278,3087,0
515.5,530.5,58279,3088,0
516.5,532.5,58280,3089,0
516.5,530.5,58281,3090,0
516.5,529.5,58282,3091,0
516.5,528.5,58283,3092,0
514.5,529.5,58284,3093,0
517.5,527.5,58285,3094,0
515.5,530.5,58286,3095,0
516.5,528.5,58287,3096,0
516.5,527.5,58288,3097,0
515.5,528.5,58289,3098,0
516.5,527.5,58290,3099,0
516.5,527.5,58291,3100,0
515.5,528.5,58292,3101,0
514.5,530.5,58293,3102,0
515.5,529.5,58294,3103,0
514.5,527.5,58295,3104,0
515.5,529.5,58296,3105,0
514.5,527.5,58297,3106,0
516.5,528.5,58298,3107,0
514.5,528.5,58299,3108,0
515.5,528.5,58300,3109,0
514.5,530.5,58301,3110,0
515.5,530.5,58302,3111,0
513.5,528.5,58303,3112,0
516.5,530.5,58304,3113,0
514.5,530.5,58305,3114,0
512.5,529.5,58306,3115,0
512.5,528.5,58307,3116,0
513.5,530.5,58308,3117,0
513.5,530.5,58309,3118,0
512.5,530.5,58310,3119,0
512.5,530.5,58311,3120,0
510.5,532.5,58312,3121,0
510.5,529.5,58313,3122,0
509.5,532.5,58314,3123,0
511.5,530.5,58315,3124,0
509.5,529.5,58316,3125,0
510.5,530.5,58317,3126,0
509.5,532.5,58318,3127,0
510.5,531.5,58319,3128,0
511.5,531.5,58320,3129,0
510.5,531.5,58321,3130,0
510.5,528.5,58322,3131,0
509.5,528.5,58323,3132,0
510.5,530.5,58324,3133,0
510.5,529.5,58325,3134,0
510.5,530.5,58326,3135,0
510.5,530.5,58327,3136,0
508.5,529.5,58328,3137,0
510.5,529.5,58329,3138,0
510.5,530.5,58330,3139,0
511.5,530.5,58331,3140,0
509.5,529.5,58332,3141,0
508.5,528.5,58333,3142,0
509.5,530.5,58334,3143,0
510.5,528.5,58335,3144,0
508.5,532.5,58336,3145,0
508.5,528.5,58337,3146,0
509.5,531.5,58338,3147,0
509.5,530.5,58339,3148,0
508.5,531.5,58340,3149,0
509.5,530.5,58341,3150,0
506.5,531.5,58342,3151,0
508.5,531.5,58343,3152,0
508.5,530.5,58344,3153,0
508.5,531.5,58345,3154,0
507.5,530.5,58346,3155,0
508.5,529.5,58347,3156,0
506.5,532.5,58348,3157,0
507.5,533.5,58349,3158,0
508.5,532.5,58350,3159,0
507.5,532.5,58351,3160,0
508.5,532.5,58352,3161,0
506.5,531.5,58353,3162,0
507.5,531.5,58354,3163,0
508.5,531.5,58355,3164,0
507.5,532.5,58356,3165,0
506.5,531.5,58357,3166,0
508.5,532.5,58358,3167,0
508.5,533.5,58359,3168,0
507.5,534.5,58360,3169,0
506.5,535.5,58361,3170,0
508.5,534.5,58362,3171,0
507.5,534.5,58363,3172,0
509.5,533.5,58364,3173,0
508.5,532.5,58365,3174,0
505.5,535.5,58366,3175,0
506.5,533.5,58367,3176,0
508.5,534.5,58368,3177,0
507.5,535.5,58369,3178,0
508.5,535.5,58370,3179,0
508.5,535.5,58371,3180,0
507.5,534.5,58372,3181,0
508.5,535.5,58373,3182,0
508.5,534.5,58374,3183,0
508.5,532.5,58375,3184,0
508.5,534.5,58376,3185,0
508.5,534.5,58377,3186,0
509.5,533.5,58378,3187,0
509.5,532.5,58379,3188,0
508.5,533.5,58380,3189,0
507.5,534.5,58381,3190,0
509.5,532.5,58382,3191,0
508.5,533.5,58383,3192,0
507.5,533.5,58384,3193,0
510.5,533.5,58385,3194,0
509.5,533.5,58386,3195,0
508.5,533.5,58387,3196,0
509.5,533.5,58388,3197,0
508.5,533.5,58389,3198,0
509.5,532.5,58390,3199,0
511.5,531.5,58391,3200,0
510.5,534.5,58392,3201,0
510.5,532.5,58393,3202,0
510.5,534.5,58394,3203,0
511.5,531.5,58395,3204,0
511.5,532.5,58396,3205,0
510.5,538.5,58397,3206,0
511.5,531.5,58398,3207,0
511.5,530.5,58399,3208,0
511.5,534.5,58400,3209,0
511.5,532.5,58401,3210,0
511.5,532.5,58402,3211,0
510.5,532.5,58403,3212,0
512.5,532.5,58404,3213,0
512.5,532.5,58405,3214,0
511.5,532.5,58406,3215,0
512.5,531.5,58407,3216,0
512.5,531.5,58408,3217,0
510.5,532.5,58409,3218,0
511.5,530.5,58410,3219,0
511.5,531.5,58411,3220,0
513.5,530.5,58412,3221,0
511.5,533.5,58413,3222,0
509.5,537.5,58414,3223,0
511.5,532.5,58415,3224,0
512.5,532.5,58416,3225,0
512.5,532.5,58417,3226,0
509.5,532.5,58418,3227,0
511.5,533.5,58419,3228,0
512.5,532.5,58420,3229,0
512.5,531.5,58421,3230,0
511.5,532.5,58422,3231,0
511.5,531.5,58423,3232,0
511.5,533.5,58424,3233,0
512.5,533.5,58425,3234,0
512.5,532.5,58426,3235,0
509.5,530.5,58427,3236,0
511.5,531.5,58428,3237,0
512.5,531.5,58429,3238,0
511.5,531.5,58430,3239,0
510.5,532.5,58431,3240,0
513.5,531.5,58432,3241,0
510.5,528.5,58433,3242,0
513.5,530.5,58434,3243,0
511.5,529.5,58435,3244,0
512.5,530.5,58436,3245,0
511.5,529.5,58437,3246,0
510.5,530.5,58438,3247,0
511.5,531.5,58439,3248,0
509.5,531.5,58440,3249,0
511.5,530.5,58441,3250,0
511.5,531.5,58442,3251,0
510.5,532.5,58443,3252,0
510.5,530.5,58444,3253,0
509.5,528.5,58445,3254,0
509.5,529.5,58446,3255,0
509.5,529.5,58447,3256,0
510.5,529.5,58448,3257,0
509.5,529.5,58449,3258,0
510.5,532.5,58450,3259,0
509.5,532.5,58451,3260,0
510.5,531.5,58452,3261,0
509.5,530.5,58453,3262,0
507.5,530.5,58454,3263,0
508.5,531.5,58455,3264,0
507.5,531.5,58456,3265,0
508.5,531.5,58457,3266,0
509.5,530.5,58458,3267,0
508.5,531.5,58459,3268,0
509.5,530.5,58460,3269,0
509.5,528.5,58461,3270,0
508.5,529.5,58462,3271,0
508.5,529.5,58463,3272,0
508.5,530.5,58464,3273,0
508.5,529.5,58465,3274,0
506.5,530.5,58466,3275,0
508.5,529.5,58467,3276,0
507.5,529.5,58468,3277,0
507.5,530.5,58469,3278,0
507.5,530.5,58470,3279,0
506.5,530.5,58471,3280,0
507.5,530.5,58472,3281,0
507.5,531.5,58473,3282,0
508.5,530.5,58474,3283,0
506.5,529.5,58475,3284,0
507.5,530.5,58476,3285,0
507.5,529.5,58477,3286,0
508.5,530.5,58478,3287,0
508.5,530.5,58479,3288,0
508.5,533.5,58480,3289,0
508.5,532.5,58481,3290,0
508.5,531.5,58482,3291,0
507.5,530.5,58483,3292,0
508.5,532.5,58484,3293,0
508.5,533.5,58485,3294,0
508.5,533.5,58486,3295,0
506.5,533.5,58487,3296,0
508.5,534.5,58488,3297,0
508.5,533.5,58489,3298,0
508.5,532.5,58490,3299,0
508.5,532.5,58491,3300,0
508.5,535.5,58492,3301,0
508.5,533.5,58493,3302,0
509.5,533.5,58494,3303,0
508.5,534.5,58495,3304,0
509.5,533.5,58496,3305,0
509.5,534.5,58497,3306,0
509.5,534.5,58498,3307,0
509.5,536.5,58499,3308,0
509.5,534.5,58500,3309,0
509.5,534.5,58501,3310,0
509.5,533.5,58502,3311,0
509.5,533.5,58503,3312,0
509.5,534.5,58504,3313,0
508.5,533.5,58505,3314,0
508.5,533.5,58506,3315,0
508.5,534.5,58507,3316,0
507.5,534.5,58508,3317,0
508.5,535.5,58509,3318,0
508.5,534.5,58510,3319,0
508.5,534.5,58511,3320,0
508.5,535.5,58512,3321,0
510.5,534.5,58513,3322,0
508.5,537.5,58514,3323,0
507.5,537.5,58515,3324,0
508.5,535.5,58516,3325,0
508.5,535.5,58517,3326,0
506.5,535.5,58518,3327,0
507.5,536.5,58519,3328,0
507.5,535.5,58520,3329,0
507.5,535.5,58521,3330,0
507.5,536.5,58522,3331,0
507.5,535.5,58523,3332,0
506.5,537.5,58524,3333,0
505.5,534.5,58525,3334,0
504.5,536.5,58526,3335,0
505.5,537.5,58527,3336,0
506.5,535.5,58528,3337,0
506.5,533.5,58529,3338,0
506.5,535.5,58530,3339,0
504.5,534.5,58531,3340,0
506.5,535.5,58532,3341,0
506.5,535.5,58533,3342,0
505.5,538.5,58534,3343,0
506.5,535.5,58535,3344,0
505.5,536.5,58536,3345,0
505.5,535.5,58537,3346,0
505.5,538.5,58538,3347,0
505.5,537.5,58539,3348,0
505.5,539.5,58540,3349,0
505.5,538.5,58541,3350,0
505.5,537.5,58542,3351,0
504.5,538.5,58543,3352,0
505.5,538.5,58544,3353,0
505.5,538.5,58545,3354,0
504.5,538.5,58546,3355,0
505.5,537.5,58547,3356,0
505.5,537.5,58548,3357,0
505.5,538.5,58549,3358,0
504.5,536.5,58550,3359,0
503.5,536.5,58551,3360,0
502.5,537.5,58552,3361,0
503.5,537.5,58553,3362,0
503.5,537.5,58554,3363,0
503.5,537.5,58555,3364,0
502.5,536.5,58556,3365,0
502.5,537.5,58557,3366,0
501.5,537.5,58558,3367,0
503.5,540.5,58559,3368,0
503.5,538.5,58560,3369,0
501.5,540.5,58561,3370,0
502.5,539.5,58562,3371,0
501.5,541.5,58563,3372,0
501.5,540.5,58564,3373,0
500.5,542.5,58565,3374,0
501.5,541.5,58566,3375,0
500.5,540.5,58567,3376,0
500.5,540.5,58568,3377,0
500.5,541.5,58569,3378,0
498.5,541.5,58570,3379,0
499.5,542.5,58571,3380,0
498.5,541.5,58572,3381,0
500.5,541.5,58573,3382,0
499.5,544.5,58574,3383,0
499.5,543.5,58575,3384,0
499.5,543.5,58576,3385,0
497.5,543.5,58577,3386,0
500.5,543.5,58578,3387,0
499.5,545.5,58579,3388,0
498.5,545.5,58580,3389,0
500.5,544.5,58581,3390,0
499.5,544.5,58582,3391,0
498.5,544.5,58583,3392,0
497.5,545.5,58584,3393,0
499.5,547.5,58585,3394,0
498.5,545.5,58586,3395,0
498.5,545.5,58587,3396,0
498.5,545.5,58588,3397,0
497.5,548.5,58589,3398,0
498.5,548.5,58590,3399,0
498.5,546.5,58591,3400,0
496.5,547.5,58592,3401,0
496.5,548.5,58593,3402,0
497.5,546.5,58594,3403,0
495.5,546.5,58595,3404,0
496.5,547.5,58596,3405,0
496.5,546.5,58597,3406,0
497.5,546.5,58598,3407,0
497.5,546.5,58599,3408,0
496.5,553.5,58600,3409,0
495.5,548.5,58601,3410,0
495.5,548.5,58602,3411,0
496.5,549.5,58603,3412,0
494.5,546.5,58604,3413,0
495.5,548.5,58605,3414,0
495.5,548.5,58606,3415,0
493.5,548.5,58607,3416,0
493.5,548.5,58608,3417,0
496.5,547.5,58609,3418,0
494.5,548.5,58610,3419,0
495.5,550.5,58611,3420,0
494.5,549.5,58612,3421,0
492.5,548.5,58613,3422,0
494.5,548.5,58614,3423,0
495.5,548.5,58615,3424,0
493.5,548.5,58616,3425,0
494.5,550.5,58617,3426,0
494.5,550.5,58618,3427,0
494.5,550.5,58619,3428,0
494.5,549.5,58620,3429,0
494.5,549.5,58621,3430,0
495.5,548.5,58622,3431,0
494.5,550.5,58623,3432,0
495.5,548.5,58624,3433,0
494.5,550.5,58625,3434,0
495.5,547.5,58626,3435,0
495.5,548.5,58627,3436,0
494.5,548.5,58628,3437,0
495.5,548.5,58629,3438,0
494.5,547.5,58630,3439,0
495.5,547.5,58631,3440,0
494.5,547.5,58632,3441,0
494.5,549.5,58633,3442,0
495.5,547.5,58634,3443,0
495.5,546.5,58635,3444,0
496.5,546.5,58636,3445,0
495.5,547.5,58637,3446,0
495.5,548.5,58638,3447,0
495.5,546.5,58639,3448,0
496.5,550.5,58640,3449,0
495.5,548.5,58641,3450,0
496.5,546.5,58642,3451,0
496.5,546.5,58643,3452,0
496.5,546.5,58644,3453,0
496.5,546.5,58645,3454,0
495.5,546.5,58646,3455,0
495.5,546.5,58647,3456,0
496.5,546.5,58648,3457,0
495.5,545.5,58649,3458,0
496.5,547.5,58650,3459,0
500.5,545.5,58651,3460,0
498.5,546.5,58652,3461,0
498.5,546.5,58653,3462,0
499.5,547.5,58654,3463,0
497.5,544.5,58655,3464,0
499.5,547.5,58656,3465,0
502.5,544.5,58657,3466,0
500.5,546.5,58658,3467,0
501.5,545.5,58659,3468,0
503.5,544.5,58660,3469,0
501.5,546.5,58661,3470,0
502.5,543.5,58662,3471,0
503.5,542.5,58663,3472,0
503.5,543.5,58664,3473,0
503.5,543.5,58665,3474,0
503.5,542.5,58666,3475,0
501.5,542.5,58667,3476,0
503.5,542.5,58668,3477,0
503.5,541.5,58669,3478,0
503.5,543.5,58670,3479,0
502.5,542.5,58671,3480,0
502.5,542.5,58672,3481,0
503.5,542.5,58673,3482,0
504.5,540.5,58674,3483,0
504.5,543.5,58675,3484,0
505.5,541.5,58676,3485,0
504.5,540.5,58677,3486,0
503.5,540.5,58678,3487,0
505.5,540.5,58679,3488,0
506.5,539.5,58680,3489,0
506.5,539.5,58681,3490,0
506.5,539.5,58682,3491,0
506.5,539.5,58683,3492,0
505.5,539.5,58684,3493,0
506.5,538.5,58685,3494,0
505.5,537.5,58686,3495,0
505.5,541.5,58687,3496,0
504.5,537.5,58688,3497,0
506.5,538.5,58689,3498,0
505.5,540.5,58690,3499,0
504.5,537.5,58691,3500,0
505.5,540.5,58692,3501,0
504.5,538.5,58693,3502,0
508.5,538.5,58694,3503,0
505.5,539.5,58695,3504,0
505.5,536.5,58696,3505,0
505.5,538.5,58697,3506,0
506.5,537.5,58698,3507,0
506.5,540.5,58699,3508,0
504.5,536.5,58700,3509,0
505.5,538.5,58701,3510,0
505.5,537.5,58702,3511,0
506.5,537.5,58703,3512,0
506.5,538.5,58704,3513,0
504.5,539.5,58705,3514,0
505.5,537.5,58706,3515,0
505.5,539.5,58707,3516,0
505.5,539.5,58708,3517,0
502.5,537.5,58709,3518,0
503.5,537.5,58710,3519,0
505.5,537.5,58711,3520,0
505.5,536.5,58712,3521,0
504.5,537.5,58713,3522,0
502.5,535.5,58714,3523,0
504.5,536.5,58715,3524,0
504.5,537.5,58716,3525,0
502.5,535.5,58717,3526,0
503.5,535.5,58718,3527,0
504.5,536.5,58719,3528,0
503.5,536.5,58720,3529,0
503.5,536.5,58721,3530,0
503.5,535.5,58722,3531,0
504.5,535.5,58723,3532,0
502.5,537.5,58724,3533,0
505.5,534.5,58725,3534,0
502.5,535.5,58726,3535,0
503.5,535.5,58727,3536,0
502.5,535.5,58728,3537,0
503.5,534.5,58729,3538,0
502.5,535.5,58730,3539,0
501.5,536.5,58731,3540,0
502.5,534.5,58732,3541,0
503.5,535.5,58733,3542,0
502.5,534.5,58734,3543,0
503.5,534.5,58735,3544,0
501.5,532.5,58736,3545,0
502.5,534.5,58737,3546,0
502.5,536.5,58738,3547,0
503.5,534.5,58739,3548,0
504.5,534.5,58740,3549,0
503.5,535.5,58741,3550,0
503.5,536.5,58742,3551,0
503.5,532.5,58743,3552,0
504.5,535.5,58744,3553,0
502.5,535.5,58745,3554,0
502.5,537.5,58746,3555,0
502.5,536.5,58747,3556,0
503.5,535.5,58748,3557,0
504.5,535.5,58749,3558,0
503.5,537.5,58750,3559,0
503.5,535.5,58751,3560,0
504.5,536.5,58752,3561,0
502.5,537.5,58753,3562,0
503.5,536.5,58754,3563,0
504.5,535.5,58755,3564,0
503.5,538.5,58756,3565,0
506.5,535.5,58757,3566,0
504.5,534.5,58758,3567,0
503.5,537.5,58759,3568,0
505.5,538.5,58760,3569,0
505.5,536.5,58761,3570,0
505.5,536.5,58762,3571,0
505.5,537.5,58763,3572,0
506.5,536.5,58764,3573,0
505.5,538.5,58765,3574,0
507.5,537.5,58766,3575,0
507.5,535.5,58767,3576,0
506.5,536.5,58768,3577,0
507.5,535.5,58769,3578,0
507.5,534.5,58770,3579,0
506.5,537.5,58771,3580,0
506.5,535.5,58772,3581,0
508.5,535.5,58773,3582,0
507.5,536.5,58774,3583,0
507.5,537.5,58775,3584,0
507.5,537.5,58776,3585,0
507.5,535.5,58777,3586,0
508.5,536.5,58778,3587,0
508.5,538.5,58779,3588,0
508.5,537.5,58780,3589,0
508.5,538.5,58781,3590,0
507.5,538.5,58782,3591,0
507.5,535.5,58783,3592,0
508.5,536.5,58784,3593,0
507.5,537.5,58785,3594,0
508.5,536.5,58786,3595,0
508.5,537.5,58787,3596,0
509.5,539.5,58788,3597,0
508.5,537.5,58789,3598,0
509.5,537.5,58790,3599,0
509.5,538.5,58791,3600,0
508.5,540.5,58792,3601,0
509.5,539.5,58793,3602,0
509.5,537.5,58794,3603,0
509.5,540.5,58795,3604,0
508.5,538.5,58796,3605,0
508.5,537.5,58797,3606,0
509.5,538.5,58798,3607,0
509.5,539.5,58799,3608,0
509.5,539.5,58800,3609,0
509.5,540.5,58801,3610,0
