Date,Video#,DE#,MPP,FPS,OD,D,D_err,d,d_err,Easy to analyze?,Plane,Comment,x0,y0,Rinfy,t2,(D-d)/d^2,D-d,d^3/(D-d),t1_fit,t2_fit,DA_fit,(D-d)/d,DA/OD,c,number of bacteria,mean velocity (1s),mean velocity middle,mean velocity end
10/26/21,11,23,0.11,50,65,48.9,,17,,Yes,XZ,,,,9,3.2,0.11,31.90,154.01,,2.42,2.13,1.88,0.0327420999512908,0.400819976293243,"3,048",1.925,,
10/26/21,12,24,0.11,50,65,74,,15.4,,Yes,XZ,small inner drop,,,150,6.3,0.25,58.60,62.33,,3.62,24.34,3.81,0.374461538461538,0.888276883682195,"10,928",1.716,,
10/26/21,13,25,0.11,50,65,63.4,,30.9,,Yes,XZ,large inner drop,,,4,,0.03,32.50,907.80,,1.66,1.28,1.05,0.0197164323772825,0.259675293562857,"6,132",0.847,,
11/01/21,6,30,0.11,50,85,44.9,,6.9,,Yes,XY,Motility improves several minutes after centrifuge,,,50,9,0.80,38.00,8.64,,7.45,4.36,5.51,0.0513281933652157,0.918390128268769,"3,210",,,
11/01/21,8,32,0.11,50,85,80.2,,38.7,,Yes,XZ,big inner droplet,,,,,0.03,41.50,1396.64,,44.53,0.18,1.07,0.00206543356795928,0.448290780085406,"16,295",1.496,,
11/02/21,1,35,0.11,50,42,47,,9.5,,,XZ,"droplet does not fall to bottom, but suspend in the middle of nowhere, good video with entire outer droplet visible",,,30,11,0.42,37.50,22.86,,8.87,1.91,3.95,0.0455892108514052,0.63102535508029,"1,811",1.18,1.13,0.96
11/02/21,3,37,0.11,50,42,93.6,,26.9,,,XZ,,,,8.3,3.6,0.09,66.70,291.83,,2.11,2.11,2.48,0.0502078067624217,0.186872394088868,"14,077",1.03,0.99,0.96
11/02/21,5,38,0.33,50,51,140,,20,,,XZ,"very large outer drop 140/20, have to use 20x for imaging",,,33,3.8,0.30,120.00,66.67,,2.14,8.41,6.00,0.164950321200355,0.212199353339305,"58,419",3.09,2.69,2.4
11/02/21,8,39,0.11,50,41,110,,20,,,XZ,"i) fps lower than 50 due to disk speed, need to install SSD, ii) this is the x-y image of the same de in image 08, iii) outer drop is getting larger due to coalescence.",,,70,3.5,0.23,90.00,88.89,,2.07,18.38,4.50,0.448201147970293,0.400000380881912,"22,710",1.01,1.08,0.98
11/02/21,9,40,0.11,47.8,41,109.4,,23.2,,,XY,,,,45,3.4,0.16,86.20,144.86,,1.59,15.15,3.72,0.369585234698851,0.333796256344019,"22,261",0.97,1.03,0.94
11/02/21,13,41,0.65,50,61,201.2,,51.4,,Yes,XZ,,,,28,4.4,0.06,149.80,906.52,,2.63,5.99,2.91,0.0981436175398053,0.159871800351156,"204,541",2.25,3.96,2.76
11/02/21,14,42,0.11,50,61,137.5,,27,,No,XZ,triple emulsion,,,,,0.15,110.50,178.13,,1.75,13.87,4.09,0.227454948345692,0.250763396723426,"65,888",3.18,3.39,6.27
11/02/21,16,43,0.11,50,65,100,,30,,Yes,XZ,Big droplet increasing size,,,90,3.6,0.08,70.00,385.71,,2.93,15.94,2.33,0.2453010434162,0.623414514401482,"26,479",1.48,9.06,13
11/02/21,17,44,0.33,50,65,179.1,,28,,Yes,XZ,big outer droplet,383,327,95,3.7,0.19,151.10,145.28,,1.94,26.17,5.40,0.402685469371072,0.272762800260466,"155,742",3.94,5.43,3.84
11/02/21,18,45,0.33,50,65,257.7,,37.7,,Yes,XZ,big outer droplet,,,100,4,0.15,220.00,243.56,,1.97,28.21,5.84,0.433924779600295,0.191811238639449,"464,262",4.13,3.79,4
11/02/21,19,46,0.33,50,65,239.8,,36.1,,Yes,XZ,big outer droplet,,,100,3.2,0.16,203.70,230.96,,1.55,37.07,5.64,0.570331521411588,0.218305051650761,"373,977",3.92,4.48,4.14
11/02/21,21,48,0.33,50,65,197.3,,24.7,,No,XZ,"small inner, last video of the day..",,,240,5,0.28,172.60,87.31,,3.03,42.61,6.99,0.655548577483972,0.378539005674405,"208,598",3.79,3.45,3.52
11/03/21,2,50,0.33,50,111,155.7,,37.7,,Yes,XZ,,,,190,6.8,0.08,118.00,454.09,,7.20,12.89,3.13,0.116163617862463,0.473811929016166,"172,921",3.62,3.72,3.34
11/03/21,4,51,0.33,50,66,132.6,,15.6,,No,XZ,,,,850,15,0.48,117.00,32.45,,9.56,47.04,7.50,0.712788962830555,1.06475306609824,"64,318",4.76,3.83,3.36
11/03/21,6,52,0.33,50,66,195.1,,19.2,,No,XZ,,,,760,15,0.48,175.90,40.24,,14.58,27.71,9.16,0.419864843734239,0.616020377342678,"205,008",3.42,2.51,3.68
11/03/21,8,53,0.33,50,57,72.5,,21.1,,Yes,XZ,Inner droplet pops out,,,77,5,0.12,51.40,182.76,,4.61,8.40,2.44,0.147362087961362,0.746930351147683,"8,870",2.85,2.34,2.7
11/03/21,10,55,0.33,50,57,160.2,,32.5,,Yes,XZ,Inner droplet pops out,333,378,60,4,0.12,127.70,268.82,,2.72,13.83,3.93,0.242548564242677,0.255036178350135,"97,295",,,
11/03/21,11,56,0.33,50,57,205.8,,26.7,,No,XZ,,273,383,240,4.3,0.25,179.10,106.28,,2.32,54.36,6.71,0.953680019726723,0.373168837419924,"207,553",,,
11/03/21,13,57,0.33,50,89,134.9,,43.3,,Yes,XZ,,,,,,0.05,91.60,886.27,,1.77,12.92,2.12,0.14514091769662,0.313484540944956,"88,448",,,
11/03/21,15,59,0.33,50,89,194.6,,45.2,,Yes,XZ,Inner droplet pops out,,,160,2.5,0.07,149.40,618.11,,3.95,19.26,3.31,0.216377856727489,0.427441573508279,"271,150",,,
11/10/21,9,64,0.33,50,15,89.1,,20.46,,Yes,XZ,,,,,,0.16,68.64,124.78,,6.01,0.82,3.35,0.0545076845829211,0.218618756006127,"4,388",,,
11/10/21,10,65,0.33,50,15,135.63,,13.233,,Yes,XZ,,,,30,23,0.70,122.40,18.93,,34.98,0.53,9.25,0.0355762992386712,0.19402403161576,"15,654",,,
11/10/21,11,66,0.33,50,15,181.17,,22.77,,Yes,XZ,,,,,,0.31,158.40,74.53,,10.21,0.49,6.96,0.0326479215305289,0.0798294898362888,"37,270",,,
11/11/21,1,67,0.33,50,8,157.3,,21.5,,Yes,XZ,Outer Droplet deforms,,,,,0.29,135.80,73.18,,15.38,0.07,6.32,0.0093403698952989,0.06446861701334,"13,003",,,
11/11/21,2,68,0.33,50,8,143.3,,28.6,,Yes,XZ,Outer droplet rotates,,,,,0.14,114.70,203.96,,11.64,0.43,4.01,0.0531655839790034,0.141610074329784,"9,778",,,
11/11/21,7,72,0.33,50,50,176.8,,12.3,,Yes,XZ,inner pop out,,,410,13,1.09,164.50,11.31,0.19,9.05,28.09,13.37,0.5618,0.493555695779647,"115,648",,,
11/22/21,3,75,0.33,50,70,136.1,,39.4,,Yes,XZ,small inner droplet,,,70,3.8,0.06,96.70,632.50,,1.99,17.50,2.45,0.250053005151823,0.622885523569648,"72,090",,,
11/22/21,5,76,0.33,50,70,121,,53,,Yes,XY,Same droplet as video 02,,,10,2.3,0.02,68.00,2189.37,,1.03,5.37,1.28,0.076674254830075,0.377145068572771,"47,555",,,
11/22/21,6,77,0.33,50,70,132.6,,37.1,,Yes,XY,Same droplet as video 03,,,71,3.3,0.07,95.50,534.71,,2.00,18.58,2.57,0.265368987283921,0.19424957181826,"66,831",,,
11/22/21,8,78,0.33,50,100,182.3,,42.9,,,XZ,,361,301,440,3,0.08,139.40,566.38,,1.73,142.38,3.25,1.42375403573701,0.400176429555753,"250,341",,,
11/22/21,10,80,0.33,50,100,262,,64.4,,,XZ,,405,441,150,1.4,0.05,197.60,1351.67,,1.42,54.09,3.07,0.540918781823356,0.636130101028998,"741,778",,,
,experimento201020_DE_60x_od61_70fps_exp_002,81,0.11,70,61,38.3,,12.1,,,XY,Chile,,,20,3,0.18,26.20,67.62,,8.05,0.02,2.17,0.000253883350912893,0.252369251670757,"1,390",,,
,experimento201020_DE_60x_od83_70fps_exp_4_002,82,0.11,70,83,46.3,,7.9,,,XY,Chile,,,55,6,0.62,38.40,12.84,,3.80,0.11,4.86,0.00128818716307716,0.0766376615314146,"3,432",,,
,experimentoDE_7_11_19_30fps_60x_exp2_1003,83,0.11,30,94,57.1,,11.4,,,XY,Chile,,,,,0.35,45.70,32.42,,3.44,0.25,4.01,0.00263779664789318,0.0963554044202323,"7,268",,,
,experimentoDE_7_11_19_30fps_60x_exp3003,84,0.11,30,170,45.9,,12,,,XY,Chile,,,,,0.24,33.90,50.97,,6.88,0.00,2.83,1.10812831511335E-05,0.117169624803729,"6,760",,,
,experimentoDE_15_10_19_30fps_exp2_60x003,85,0.11,30,100,57.3,,12.4,,,XY,Chile,,,,,0.29,44.90,42.46,,3.70,0.15,3.62,0.00149032984668488,0.0211440995413877,"7,797",,,
,experimentoDE_15_10_19_30fps_exp2_60x004,86,0.11,30,100,58.1,,12.8,,,XY,Chile,,,,,0.28,45.30,46.29,,3.74,0.11,3.54,0.00105864868060857,0.098070778887117,"8,123",,,
,experimentoDE_29_10_19_30fps_exp2_3,87,0.11,30,150,35.5,,18.8,,,XY,Chile,,,,,0.05,16.70,397.88,,7.01,0.00,0.89,1.70568010540905E-05,0.0818856944188462,"2,392",,,
,experimentoDE_29_10_19_30fps_exp3_1,88,0.11,30,150,40.5,,21.2,,,XY,Chile,,,,,0.04,19.30,493.69,,4.63,0.00,0.91,2.71773161110617E-05,0.0463244680974641,"3,573",,,
,experimentoDE_60x_70fps_OD_17_exp001,89,0.11,70,17,43.5,,15.3,,,XY,Chile,,,8,,0.12,28.20,127.01,,3.70,0.01,1.84,0.000780802972541059,0.0409105387375892,560,,,
,experimentoDE_60x_70fps_OD_17_exp002,90,0.11,70,17,40.4,,13.4,,,XY,Chile,,,8,,0.15,27.00,89.11,,2.97,0.02,2.01,0.00107578298565519,0.0469185375201826,452,,,
,experimentoDE_60x_70fps_OD_17_exp003,91,0.11,70,17,17.2,,8.5,,,XY,Chile,,,17,7.6,0.12,8.70,70.59,,6.54,0.01,1.02,0.000880963677498229,0.0507796243138472,32,,,
,experimentoDE_60x_70fps_OD_17_exp004,92,0.11,70,17,24.6,,5.4,,,XY,Chile,,,19,7,0.66,19.20,8.20,,5.17,0.02,3.56,0.0012632347585575,0.209785006795801,105,,,
,experimentoDE_60x_70fps_OD_25_exp002,93,0.11,70,25,27.2,,12,,,XY,Chile,,,2.7,6.7,0.11,15.20,113.68,,4.85,0.00,1.27,0.000142014555602758,0.102858013106108,193,,,
,experimentoDE_60x_70fps_OD_25_exp003,94,0.11,70,25,42,,8.2,,,XY,Chile,,,28,10,0.50,33.80,16.31,,5.62,0.03,4.12,0.00121648244797624,0.0501262486011409,770,,,
,experimentoDE_60x_70fps_OD_50_exp005,95,0.11,70,25,35.6,,16.4,,,XY,Chile,,,6.5,3.2,0.07,19.20,229.74,,2.76,0.01,1.17,0.00059774161534554,0.0734107975475714,426,,,
,experimentoDE_60x_70fps_OD_80_001,96,0.11,70,80,17.6,,7.8,,,XY,Chile,,,2.2,9.5,0.16,9.80,48.42,,11.76,0.00,1.26,1.65528052318432E-05,0.0606407747719384,167,,,
,experimentoDE_60x_OD_7_70fps__exp003,97,0.11,70,7,36.2,,5,,,XY,Chile,,,,,1.25,31.20,4.01,,24.68,0.01,6.24,0.00118760602309344,0.0711841481652193,139,,,
,experimentoDE_60x_OD_7_70fps__exp004,98,0.11,70,7,46.1,,17.8,,,XY,Chile,,,,,0.09,28.30,199.28,,1.49,0.00,1.59,0.000686213072749627,0.0775335483127744,271,,,
,experimentoDE_60x_OD_7_70fps_exp,99,0.11,70,7,43.5,,11.5,,,XY,Chile,,,,,0.24,32.00,47.53,,2.83,0.01,2.78,0.000981895250740711,0.0171351045513521,237,,,
,experimentoDE_60x_OD_40_50fps_exp,100,0.11,50,40,61.3,,21.4,,,XY,Chile,,,8.5,3.7,0.09,39.90,245.62,,2.74,0.02,1.86,0.000540430446149772,0.0254119878031298,"3,693",,,
,experimentoDE_60x_OD_40_50fps_exp001,101,0.11,50,40,60.1,,11.6,,,XY,Chile,,,19,5.1,0.36,48.50,32.18,,3.15,0.04,4.18,0.000929741913531658,0.0354578115162677,"3,609",,,
,experimentoDE_60x_OD_40_50fps_exp002,102,0.11,50,40,24,,7.1,,,XY,Chile,,,,,0.34,16.90,21.18,,5.82,0.02,2.38,0.000383241774692755,0.0414205788225166,226,,,
,experimentoDE_60x_OD_40_50fps_exp003,103,0.11,50,40,32.1,,7.9,,,XY,Chile,,,10,7.5,0.39,24.20,20.37,,4.44,0.01,3.06,0.000361666491589088,0.101734547178403,546,,,
,experimentoDE_60x_OD_40_70fps__exp,104,0.11,70,40,66.4,,20.4,,,XY,Chile,,,9,2.5,0.11,46.00,184.56,,1.36,0.04,2.25,0.00111204599634207,0.0642617281447113,"4,760",,,
,experimentoDE_60x_OD_40_70fps_exp002,105,0.11,70,40,52,,8.9,,,XY,Chile,,,130,12,0.54,43.10,16.36,,8.78,0.09,4.84,0.00225918029877453,0.0310189296212792,"2,343",,,
,experimentoDE_60x_OD_125_50fps_exp002,106,0.11,50,125,66.1,,33.8,,,XY,Chile,,,8,8,0.03,32.30,1195.49,,5.85,0.01,0.96,7.28201424991479E-05,0.119254138213299,"13,093",,,
,experimentoDE_60x_OD_125_50fps_exp003,107,0.11,50,125,23.5,,6.7,,,XY,Chile,,,4,2.5,0.37,16.80,17.90,,2.01,0.01,2.51,9.89495021392848E-05,0.0425663954799395,663,,,
,experimentoDE_60x_tubo1_OD_70_70fps_exp001,108,0.11,70,70,57.4,,15.9,,,XY,Chile,,,60,4.5,0.16,41.50,96.86,,2.90,0.13,2.61,0.00181356156188207,0.0567136641823695,"5,425",,,
,experimentoDE_510121_OD40_50fps_exp1,109,0.11,50,40,58,,25.4,,,XY,Chile,,,1.3,2.3,0.05,32.60,502.67,,1.69,0.01,1.28,0.00013126914810551,0.0856755292645246,"2,993",,,
,experimentoDE_510121_OD40_50fps_exp1001,110,0.11,50,40,44.1,,18.3,,,XY,Chile,,,4.1,2.9,0.08,25.80,237.54,,2.42,0.01,1.41,0.000276850377884013,0.0170455375167167,"1,334",,,
,experimentoDE_510121_OD40_50fps_exp1002,111,0.11,50,40,36.5,,17.5,,,XY,Chile,,,2.6,2.7,0.06,19.00,282.07,,2.31,0.01,1.09,0.000177955313234626,0.0370738234069052,725,,,
,experimentoDE_510121_OD40_50fps_exp1004,112,0.11,50,40,30.9,,15.4,,,XY,Chile,,,3.5,4,0.07,15.50,235.63,,3.54,0.01,1.01,0.000153658484513945,0.0388166113938027,433,,,
,experimentoDE_510121_OD75_50fps_exp1,113,0.11,50,75,26,,6.6,,,XY,Chile,,,9,7.6,0.45,19.40,14.82,,5.74,0.01,2.94,0.000133423085119063,0.0542340930457602,543,,,
,experimentoDE_510121_OD75_50fps_exp1001,114,0.11,50,75,40,,5.4,,,XY,Chile,,,60,17,1.19,34.60,4.55,,18.24,0.02,6.41,0.000278580492385852,0.0725899705645385,"2,005",,,
,experimentoDE_510121_OD75_50fps_exp1002,115,0.11,50,75,36.7,,10.8,,,XY,Chile,,,8.5,6.2,0.22,25.90,48.64,,7.33,0.01,2.40,0.000102995403681584,0.0979647901909661,"1,513",,,
,experimentoDE_510121_OD80_50fps_exp1,116,0.11,50,80,69.1,,20.5,,,XY,Chile,,,5,3.3,0.12,48.60,177.27,,2.21,0.02,2.37,0.00019874405886993,0.0530685161927769,"10,762",,,
,experimentoDE_510121_OD80_50fps_exp1001,117,0.11,50,80,39.7,,24.3,,,XY,Chile,,,0.8,,0.03,15.40,931.75,,2.34,0.00,0.63,2.76646589989486E-05,0.0270373076675656,"1,615",,,
,experimentoDE_510121_OD80_50fps_exp1002,118,0.11,50,80,63.7,,18,,,XY,Chile,,,11,3.5,0.14,45.70,127.61,,3.51,0.02,2.54,0.000238063406908923,0.0269075922866681,"8,462",,,
,experimentoDE_510121_OD150_50fps_exp1,119,0.11,50,150,50.6,,12.9,,,XY,Chile,,,27,7,0.23,37.70,56.94,,4.89,0.04,2.92,0.000233661215261055,0.0326174767382737,"8,001",,,
,experimentoDE_510121_OD150_50fps_exp1001,120,0.11,50,150,64.7,,15.2,,,XY,Chile,,,13,3,0.21,49.50,70.95,,3.17,0.03,3.26,0.000167625760615667,0.0626284890443663,"16,788",,,
,experimentoDE_510121_OD150_50fps_exp1002,121,0.11,50,150,24.4,,10.7,,,XY,Chile,,,1.5,4.9,0.12,13.70,89.42,,3.74,0.00,1.28,1.6794687984558E-05,0.0324515145367639,835,,,
,experimentoDE_OD10_211220_50fps_exp_1001,122,0.11,50,10,52.4,,15.2,,,XY,Chile,,,1,3.3,0.16,37.20,94.40,,2.22,0.00,2.45,0.000290806668191277,0.041537645876412,588,,,
,experimentoDE_OD24_211220_50fps_exp1,123,0.11,50,24,41.2,,10.6,,,XY,Chile,,,6,5,0.27,30.60,38.92,,6.33,0.01,2.89,0.000346067848111077,0.0128398269885182,691,,,
,experimentoDE_OD24_211220_50fps_exp1001,124,0.11,50,24,53,,8.4,,,XY,Chile,,,32,10,0.63,44.60,13.29,,15.15,0.01,5.31,0.000606190691606038,0.0428369712286116,"1,490",,,
,experimentoDE_OD24_211220_50fps_exp1002,125,0.11,50,24,37.4,,7.3,,,XY,Chile,,,40,13,0.56,30.10,12.92,,9.40,0.03,4.12,0.0011331739596748,0.056806309366844,522,,,
,experimentoDE_OD24_211220_50fps_exp1003,126,0.11,50,24,55.5,,29.7,,,XY,Chile,,,4,,0.03,25.80,1015.43,,1.39,0.00,0.87,8.63251691967237E-05,0.095399762666642,"1,455",,,
,experimentoDE_OD24_211220_50fps_exp1004,127,0.11,50,24,52.5,,10.2,,,XY,Chile,,,3.3,3,0.41,42.30,25.09,,2.20,0.01,4.15,0.000409378880619465,0.0119860483190931,"1,443",,,
,experimentoDE_OD24_211220_50fps_exp1005,128,0.11,50,24,44.6,,32.3,,,XY,Chile,,,,,0.01,12.30,2739.70,,8.70,0.00,0.38,6.84127178634783E-06,0.0204873758193426,553,,,
,experimentoDE_OD30_211220_50fps_exp_1002,129,0.11,50,30,26.9,,7.6,,,XY,Chile,,,9,5,0.33,19.30,22.74,,3.23,0.02,2.54,0.000581733288951133,0.0179638203520501,239,,,
,experimentoDE_OD30_211220_50fps_exp_1004,130,0.11,50,30,15.2,,4.7,,,XY,Chile,,,5,7,0.48,10.50,9.89,,4.09,0.01,2.23,0.00026540933840664,0.072284730144788,43,,,
,experimentoDE_OD30_211220_50fps_exp_1005,131,0.11,50,30,25,,16.3,,,XY,Chile,,,0.2,,0.03,8.70,497.79,,1.75,0.00,0.53,3.05853742163405E-05,0.0987459067925492,142,,,
,experimentoDE_OD30_211220_50fps_exp_1006,132,0.11,50,30,50.1,,10.9,,,XY,Chile,,,11,4,0.33,39.20,33.04,,4.70,0.02,3.60,0.0005341655312581,0.0276841260902502,"1,563",,,
,experimentoDE_OD30_211220_50fps_exp1006,133,0.11,50,30,29.5,,7.4,,,XY,Chile,,,11,5,0.40,22.10,18.34,,4.53,0.02,2.99,0.000525992626671103,0.0399615052507878,317,,,
,experimentoDE_OD30_211220_50fps_exp1008,134,0.11,50,30,88.9,,17.7,,,XY,Chile,,,30,4.5,0.23,71.20,77.88,,4.61,0.04,4.02,0.00146744219868144,0.0715249991580318,"8,755",,,
,experimentoDE_OD45_211220_50fps_exp_1,135,0.11,50,45,61.3,,28.3,,,XY,Chile,,,5.5,2.1,0.04,33.00,686.82,,1.30,0.03,1.17,0.000607535014320322,0.0391211386629147,"3,913",,,
,experimentoDE_OD45_211220_50fps_exp_1001,136,0.11,50,45,24.8,,9.7,,,XY,Chile,,,10,5,0.16,15.10,60.44,,2.65,0.03,1.56,0.000561798130711956,0.0336093861976684,270,,,
,experimentoDE_OD45_211220_50fps_exp_1002,137,0.11,50,45,33.8,,13.8,,,XY,Chile,,,19,5.3,0.11,20.00,131.40,,3.85,0.03,1.45,0.000690030759559,0.0989522574776436,678,,,
,experimentoDE_OD45_211220_50fps_exp_1003,138,0.11,50,45,48.6,,13.6,,,XY,Chile,,,40,4.2,0.19,35.00,71.87,,2.35,0.12,2.57,0.00259707654593604,0.105982031280146,"2,115",,,
,experimentoDE_OD45_211220_50fps_exp_1004,139,0.11,50,45,73,,45.3,,,XY,Chile,,,0.8,,0.01,27.70,3355.95,,1.08,0.01,0.61,0.000120771113075425,0.0866993180175714,"5,578",,,
,experimentoDE_OD45_211220_50fps_exp_1006,140,0.11,50,45,71.6,,24.4,,,XY,Chile,,,35,2.6,0.08,47.20,307.77,,2.43,0.10,1.93,0.00215661268601065,0.0159196106108981,"6,642",,,
,experimentoDE_OD45_211220_50fps_exp_1007,141,0.11,50,45,73.3,,43.8,,,XY,Chile,,,2.3,,0.02,29.50,2848.40,,0.93,0.02,0.67,0.000379522193999102,0.0595781691499682,"5,837",,,
,experimentoDE_OD150_211220_50fps_exp_1,142,0.11,50,150,81.5,,28,,,XY,Chile,,,24,3,0.07,53.50,410.32,,2.32,0.07,1.91,0.000463148250215914,0.023977457262985,"32,618",,,
,experimentoDE_OD150_211220_50fps_exp_1001,143,0.11,50,150,32.5,,20.7,,,XY,Chile,,,3.5,,0.03,11.80,751.67,,7.78,0.00,0.57,1.87765496011943E-05,0.0421840721201417,"1,599",,,
,experimentoDE_OD150_211220_50fps_exp_1002,144,0.11,50,150,60,,32.2,,,XY,Chile,,,7,3.3,0.03,27.80,1200.94,,2.68,0.02,0.86,0.000117336606473321,0.0711439539773244,"11,468",,,
,experimentoDE_OD150_211220_50fps_exp_1003,145,0.11,50,150,82.8,,61,,,XY,Chile,,,0.6,,0.01,21.80,10411.97,,1.58,0.00,0.36,1.59750664793426E-05,0.0454727878818023,"21,395",,,
,experimentoexp_od25_60x_50fps_1,146,0.11,50,25,55.4,,34.7,,,XY,Chile,,,0.2,3,0.02,20.70,2018.45,,7.61,0.00,0.60,6.5581512529908E-06,0.015904835819619,"1,342",,,
,experimentoexp_od25_60x_50fps_1002,147,0.11,50,25,42.7,,6,,,XY,Chile,,,20,9,1.02,36.70,5.89,,12.21,0.01,6.12,0.000420294122585664,0.0152734500211594,813,,,
,experimentoexp_od25_60x_50fps_1003,148,0.11,50,25,55.5,,11.8,,,XY,Chile,,,3.4,,0.31,43.70,37.60,,1.52,0.02,3.70,0.00061036511598924,0.0547645507533186,"1,772",,,
,experimentoexp_od110_60x_50fps_1,149,0.11,50,110,80.6,,51.6,,,XY,Chile,,,3.7,2.3,0.01,29.00,4737.52,,1.23,0.02,0.56,0.000184019093546667,0.0199313592585363,"17,787",,,
,experimentoexp_od110_60x_50fps_1001,150,0.11,50,110,97,,44.1,,,XY,Chile,,,16,1.6,0.03,52.90,1621.29,,0.72,0.17,1.20,0.00150513940710181,0.030459252985614,"38,082",,,
,experimentoexp_od110_60x_50fps_1003,151,0.11,50,110,71.9,,43.4,,,XY,Chile,,,3,2.4,0.02,28.50,2868.30,,1.31,0.02,0.66,0.000137941936565839,0.035801836712384,"13,353",,,
,experimentoexp_od110_60x_50fps_1004,152,0.11,50,110,84.1,,33.5,,,XY,Chile,,,50,2.2,0.05,50.60,742.99,,1.45,0.23,1.51,0.00210430522071418,0.0290292554217842,"25,662",,,
,experimentoexp_od125_60x_50fps_1,153,0.11,50,125,66.1,,17.8,,,XY,Chile,,,60,2.6,0.15,48.30,116.77,,1.64,0.25,2.71,0.00196790799445485,0.0657369650869989,"14,819",,,
,experimentoexp_od125_60x_50fps_1001,154,0.11,50,125,66.7,,40.3,,,XY,Chile,,,4,2,0.02,26.40,2479.20,,1.95,0.01,0.66,0.000111062572704654,0.0743748396603532,"12,104",,,
,experimentoexp_od125_60x_50fps_1002,155,0.11,50,125,77.7,,32.4,,,XY,Chile,,,43,2.5,0.04,45.30,750.82,,1.58,0.18,1.40,0.00141792108389835,0.0357665931761512,"22,769",,,
,experimentoexp_od125_60x_50fps_1003,156,0.11,50,125,90.8,,42.6,,,XY,Chile,,,8,2.4,0.03,48.20,1603.92,,1.48,0.04,1.13,0.000311812885745162,0.0658548848597982,"35,132",,,
,experimentoVideos_2020DE_60x_70fps_OD_17_exp002,157,0.11,70,17,40.4,,13.4,,,XY,Chile,,,9,4.8,0.15,27.00,89.11,,2.97,0.02,2.01,0.00107578298565519,0.0276662157258594,452,,,
,experimentoVideos_2020201020_DE_60x_od61_70fps_exp_002.mat,158,0.11,70,61,38.3,,12.1,,,XY,Chile,,,20,13,0.18,26.20,67.62,,8.05,0.02,2.17,0.000253883350912893,0.0507796243138472,"1,390",,,
,experimentoVideos_2020201020_DE_60x_od83_70fps_exp_4_,159,0.11,70,83,55.7,,5.5,,,XY,Chile,,,100,11,1.66,50.20,3.31,,6.91,0.09,9.13,0.00112195723681242,0.0766376615314146,"5,999",,,
,experimentoVideos_2020201020_DE_60x_od83_70fps_exp_4_002,160,0.11,70,83,46.3,,7.9,,,XY,Chile,,,61,6.5,0.62,38.40,12.84,,3.79,0.10,4.86,0.00126340119708465,0.0905763015135982,"3,432",,,
05/31/22,0,161,0.33,50,38,129.87,1.14,82.59,1.1,,XZ,,280,266,,,0.01,47.28,11915.30,,0.14,0.86,0.57,0.0226315789473684,0.0953121312079605,"25,885",5.25,,
05/31/22,1,162,0.33,50,38,60.08,0.64,15.26,0.38,,XZ,,120.5,138.5,,,0.19,44.82,79.29,0.11,3.5,2.8,2.94,0.0736842105263158,0.0502570104078004,"3,394",2.76,,
05/31/22,5,166,0.33,50,40,66.32,0.49,11.99,0.38,,XZ,,148.5,185.5,,,0.38,54.33,31.73,0.17,4.55,1.85,4.53,0.04625,0.474625396169553,"4,856",3.83,,
05/31/22,7,168,0.33,50,40,77.15,0.59,28.99,0.41,,XZ,,159,141,,,0.06,48.16,505.89,0.15,1.53,1.32,1.66,0.033,0.498871828720476,"7,282",4.9,,
05/31/22,10,171,0.33,50,40,184.76,0.79,37.01,0.82,,XZ,,385,329,,,0.11,147.75,343.11,0.56,0.56,18.57,3.99,0.46425,0.113972636785959,"104,773",7.73,,
06/01/22,0,172,0.33,50,36,72.61023,,36.29373,,,XZ,,163,170,,,0.03,36.32,1316.41,0.00,1.18,0.04,1.00,0.00111111111111111,0.0920478875882561,"5,049",1.92,,
06/01/22,1,173,0.33,50,36,63.68307,,13.9128,,,XZ,,160.5,159.5,,,0.26,49.77,54.11,0.04,10.16,0.26,3.58,0.00722222222222222,0.0377683003812421,"3,852",2.55,,
06/01/22,2,174,0.33,50,33,43.24089,,12.4839,,,XZ,,106.5,111.5,,,0.20,30.76,63.26,0.15,3.60,0.56,2.46,0.016969696969697,0.227431940211419,"1,090",2.49,,
06/01/22,3,175,0.33,50,33,43.57155,,12.26544,,,XZ,,146,127,,,0.21,31.31,58.94,0.29,4.04,0.48,2.55,0.0145454545454545,0.402059275879014,"1,117",1.05,,
06/01/22,4,176,0.33,50,33,160.70868,,22.46574,,,XZ,,292.5,313.5,,,0.27,138.24,82.02,0.21,1.71,4.85,6.15,0.146969696969697,0.258954735622816,"57,189",3.14,,
06/01/22,5,177,0.33,50,33,139.28442,,16.55247,,,XZ,,304,296,,,0.45,122.73,36.95,0.16,4.02,4.39,7.41,0.133030303030303,0.130742855757985,"37,270",4.78,,
06/01/22,6,178,0.33,50,33,55.7667,,13.49271,,,XZ,,146.5,132.5,,,0.23,42.27,58.11,0.04,6.93,0.52,3.13,0.0157575757575758,0.209472363285647,"2,362",2.95,,
06/01/22,7,179,0.33,50,33,117.14373,,8.23416,,,XZ,,299.5,236.5,,,1.61,108.91,5.13,,,,13.23,,0.288401993904733,"22,202",5.14,,
06/01/22,9,181,0.33,50,33,39.95442,,11.61501,,,XZ,,103.5,89.5,,,0.21,28.34,55.29,0.03,6.38,0.25,2.44,0.00757575757575758,0.705723310455789,860,1.95,,
06/02/22,0,182,0.33,50,26,151.48122,,34.97076,,,XZ,,260.5,263.5,,,0.10,116.51,367.07,0.15,1.17,2.46,3.33,0.0946153846153846,0.249287050703638,"37,372",6.17,,
06/02/22,1,183,0.33,50,26,55.44627,,13.9128,,,XZ,,142,132,,,0.21,41.53,64.84,0.08,4.06,1.15,2.99,0.0442307692307692,0.0769191304639518,"1,826",2.59,,
06/02/22,2,184,0.33,50,26,57.42627,,21.43284,,,XZ,,142,130,,,0.08,35.99,273.54,0.03,1.99,0.69,1.68,0.0265384615384615,0.319037360347755,"1,954",3.51,,
06/02/22,3,185,0.33,50,26,78.85449,,66.66495,,,XZ,,176.5,149.5,,,0.00,12.19,24305.54,0.00,0.91,0.14,0.18,0.00538461538461539,0.233609073092289,"2,112",6.08,,
06/02/22,4,186,0.33,50,34,71.26086,,9.60234,,,XZ,,146,136,,,0.67,61.66,14.36,0.05,9.33,3.91,6.42,0.115,0.231198540834628,"5,139",4.18,,
06/02/22,5,187,0.33,50,34,79.20429,,9.24198,,,XZ,,154,157,,,0.82,69.96,11.28,0.14,11.76,8.29,7.57,0.243823529411765,0.595506946611812,"7,062",4.59,,
06/02/22,7,189,0.33,50,34,52.15254,,14.21343,,,XZ,,116,131,,,0.19,37.94,75.68,0.07,5.75,0.59,2.67,0.0173529411764706,0.743472680158678,"1,978",2.63,,
06/02/22,8,190,0.33,50,34,74.90835,,13.9128,,,XZ,,179.5,151.5,,,0.32,61.00,44.15,0.00,5.02,2.62,4.38,0.0770902603090091,0.284992475372139,"5,945",4.29,,
06/03/22,0,191,0.33,50,26,61.4031,,10.61082,,,XZ,,126,140,,,0.45,50.79,23.52,0.12,10.94,0.88,4.79,0.0338461538461538,0.351071744106106,"2,507",2.97,,
06/03/22,1,192,0.33,50,26,65.68518,,42.88515,,,XZ,,133.5,119.5,,,0.01,22.80,3459.28,0.00,0.32,0.10,0.53,,0.326164514049097,"2,226",1.69,,
06/03/22,2,193,0.33,50,26,55.12122,,10.61082,,,XZ,,133.5,121.5,,,0.40,44.51,26.84,0.08,7.72,0.47,4.19,0.0180769230769231,0.203264457487947,"1,810",1.32,,
06/03/22,3,194,0.33,50,26,123.08835,,44.57343,,,XZ,,263.5,268.5,,,0.04,78.51,1127.91,,,,1.76,0,0.256960089098191,"19,336",2.88,,
